0,Souvenir AK-47 | Panthera onca (Field-Tested)
1,Souvenir AK-47 | Panthera onca (Battle-Scarred)
2,Souvenir AK-47 | Gold Arabesque (Field-Tested)
3,SG 553 | Triarch (Well-Worn)
4,SG 553 | Triarch (Minimal Wear)
5,SG 553 | Triarch (Field-Tested)
6,SG 553 | Triarch (Factory New)
7,SG 553 | Triarch (Battle-Scarred)
8,SG 553 | Tiger Moth (Well-Worn)
9,SG 553 | Tiger Moth (Minimal Wear)
10,SG 553 | Tiger Moth (Field-Tested)
11,SG 553 | Tiger Moth (Factory New)
12,SG 553 | Tiger Moth (Battle-Scarred)
13,SG 553 | Pulse (Well-Worn)
14,SG 553 | Pulse (Minimal Wear)
15,SG 553 | Pulse (Field-Tested)
16,SG 553 | Pulse (Battle-Scarred)
17,SG 553 | Phantom (Well-Worn)
18,SG 553 | Phantom (Minimal Wear)
19,SG 553 | Phantom (Field-Tested)
20,SG 553 | Phantom (Factory New)
21,SG 553 | Phantom (Battle-Scarred)
22,SG 553 | Integrale (Well-Worn)
23,SG 553 | Integrale (Minimal Wear)
24,SG 553 | Integrale (Field-Tested)
25,SG 553 | Integrale (Factory New)
26,SG 553 | Integrale (Battle-Scarred)
27,SG 553 | Hypnotic (Minimal Wear)
28,SG 553 | Hypnotic (Factory New)
29,SG 553 | Hazard Pay (Well-Worn)
30,SG 553 | Hazard Pay (Minimal Wear)
31,SG 553 | Hazard Pay (Field-Tested)
32,SG 553 | Hazard Pay (Factory New)
33,SG 553 | Dragon Tech (Well-Worn)
34,SG 553 | Dragon Tech (Minimal Wear)
35,SG 553 | Dragon Tech (Field-Tested)
36,SG 553 | Dragon Tech (Factory New)
37,SG 553 | Dragon Tech (Battle-Scarred)
38,SG 553 | Darkwing (Well-Worn)
39,SG 553 | Darkwing (Minimal Wear)
40,SG 553 | Darkwing (Field-Tested)
41,SG 553 | Darkwing (Factory New)
42,SG 553 | Darkwing (Battle-Scarred)
43,SG 553 | Cyrex (Well-Worn)
44,SG 553 | Cyrex (Minimal Wear)
45,SG 553 | Cyrex (Field-Tested)
46,SG 553 | Cyrex (Factory New)
47,SG 553 | Cyrex (Battle-Scarred)
48,SG 553 | Colony IV (Well-Worn)
49,SG 553 | Colony IV (Minimal Wear)
50,SG 553 | Colony IV (Field-Tested)
51,SG 553 | Colony IV (Factory New)
52,SG 553 | Colony IV (Battle-Scarred)
53,SG 553 | Bulldozer (Well-Worn)
54,SG 553 | Bulldozer (Minimal Wear)
55,SG 553 | Bulldozer (Field-Tested)
56,SG 553 | Bulldozer (Factory New)
57,SG 553 | Bulldozer (Battle-Scarred)
58,SCAR-20 | Splash Jam (Well-Worn)
59,SCAR-20 | Splash Jam (Minimal Wear)
60,SCAR-20 | Splash Jam (Field-Tested)
61,SCAR-20 | Splash Jam (Battle-Scarred)
62,SCAR-20 | Powercore (Well-Worn)
63,SCAR-20 | Powercore (Minimal Wear)
64,SCAR-20 | Powercore (Field-Tested)
65,SCAR-20 | Powercore (Factory New)
66,SCAR-20 | Powercore (Battle-Scarred)
67,SCAR-20 | Enforcer (Well-Worn)
68,SCAR-20 | Enforcer (Minimal Wear)
69,SCAR-20 | Enforcer (Field-Tested)
70,SCAR-20 | Enforcer (Factory New)
71,SCAR-20 | Enforcer (Battle-Scarred)
72,SCAR-20 | Emerald (Minimal Wear)
73,SCAR-20 | Emerald (Factory New)
74,SCAR-20 | Cyrex (Well-Worn)
75,SCAR-20 | Cyrex (Minimal Wear)
76,SCAR-20 | Cyrex (Field-Tested)
77,SCAR-20 | Cyrex (Factory New)
78,SCAR-20 | Cyrex (Battle-Scarred)
79,SCAR-20 | Cardiac (Well-Worn)
80,SCAR-20 | Cardiac (Minimal Wear)
81,SCAR-20 | Cardiac (Field-Tested)
82,SCAR-20 | Cardiac (Factory New)
83,SCAR-20 | Cardiac (Battle-Scarred)
84,SCAR-20 | Bloodsport (Well-Worn)
85,SCAR-20 | Bloodsport (Minimal Wear)
86,SCAR-20 | Bloodsport (Field-Tested)
87,SCAR-20 | Bloodsport (Factory New)
88,Sawed-Off | Wasteland Princess (Well-Worn)
89,Sawed-Off | Wasteland Princess (Minimal Wear)
90,Sawed-Off | Wasteland Princess (Field-Tested)
91,Sawed-Off | Wasteland Princess (Factory New)
92,Sawed-Off | Wasteland Princess (Battle-Scarred)
93,Sawed-Off | The Kraken (Well-Worn)
94,Sawed-Off | The Kraken (Minimal Wear)
95,Sawed-Off | The Kraken (Field-Tested)
96,Sawed-Off | The Kraken (Factory New)
97,Sawed-Off | Serenity (Well-Worn)
98,Sawed-Off | Serenity (Minimal Wear)
99,Sawed-Off | Serenity (Field-Tested)
100,Sawed-Off | Serenity (Factory New)
101,Sawed-Off | Serenity (Battle-Scarred)
102,Sawed-Off | Orange DDPAT (Well-Worn)
103,Sawed-Off | Orange DDPAT (Minimal Wear)
104,Sawed-Off | Orange DDPAT (Field-Tested)
105,Sawed-Off | Orange DDPAT (Factory New)
106,Sawed-Off | Orange DDPAT (Battle-Scarred)
107,Sawed-Off | Limelight (Well-Worn)
108,Sawed-Off | Limelight (Minimal Wear)
109,Sawed-Off | Limelight (Field-Tested)
110,Sawed-Off | Limelight (Factory New)
111,Sawed-Off | Limelight (Battle-Scarred)
112,Sawed-Off | Kiss♥Love (Well-Worn)
113,Sawed-Off | Kiss♥Love (Minimal Wear)
114,Sawed-Off | Kiss♥Love (Field-Tested)
115,Sawed-Off | Kiss♥Love (Factory New)
116,Sawed-Off | Kiss♥Love (Battle-Scarred)
117,Sawed-Off | Highwayman (Well-Worn)
118,Sawed-Off | Highwayman (Minimal Wear)
119,Sawed-Off | Highwayman (Field-Tested)
120,Sawed-Off | Highwayman (Factory New)
121,Sawed-Off | Highwayman (Battle-Scarred)
122,Sawed-Off | Devourer (Well-Worn)
123,Sawed-Off | Devourer (Minimal Wear)
124,Sawed-Off | Devourer (Field-Tested)
125,Sawed-Off | Devourer (Factory New)
126,Sawed-Off | Devourer (Battle-Scarred)
127,Sawed-Off | Apocalypto (Well-Worn)
128,Sawed-Off | Apocalypto (Minimal Wear)
129,Sawed-Off | Apocalypto (Field-Tested)
130,Sawed-Off | Apocalypto (Factory New)
131,Sawed-Off | Apocalypto (Battle-Scarred)
132,R8 Revolver | Skull Crusher (Well-Worn)
133,R8 Revolver | Skull Crusher (Field-Tested)
134,R8 Revolver | Skull Crusher (Battle-Scarred)
135,R8 Revolver | Reboot (Well-Worn)
136,R8 Revolver | Reboot (Minimal Wear)
137,R8 Revolver | Reboot (Field-Tested)
138,R8 Revolver | Reboot (Factory New)
139,R8 Revolver | Reboot (Battle-Scarred)
140,R8 Revolver | Llama Cannon (Well-Worn)
141,R8 Revolver | Llama Cannon (Minimal Wear)
142,R8 Revolver | Llama Cannon (Field-Tested)
143,R8 Revolver | Llama Cannon (Factory New)
144,R8 Revolver | Llama Cannon (Battle-Scarred)
145,R8 Revolver | Fade (Well-Worn)
146,R8 Revolver | Fade (Minimal Wear)
147,R8 Revolver | Fade (Field-Tested)
148,R8 Revolver | Fade (Factory New)
149,R8 Revolver | Crazy 8 (Well-Worn)
150,R8 Revolver | Crazy 8 (Minimal Wear)
151,R8 Revolver | Crazy 8 (Field-Tested)
152,R8 Revolver | Crazy 8 (Factory New)
153,R8 Revolver | Crazy 8 (Battle-Scarred)
154,R8 Revolver | Amber Fade (Well-Worn)
155,R8 Revolver | Amber Fade (Minimal Wear)
156,R8 Revolver | Amber Fade (Field-Tested)
157,R8 Revolver | Amber Fade (Factory New)
158,PP-Bizon | Space Cat (Well-Worn)
159,PP-Bizon | Space Cat (Minimal Wear)
160,PP-Bizon | Space Cat (Field-Tested)
161,PP-Bizon | Space Cat (Factory New)
162,PP-Bizon | Space Cat (Battle-Scarred)
163,PP-Bizon | Osiris (Well-Worn)
164,PP-Bizon | Osiris (Minimal Wear)
165,PP-Bizon | Osiris (Field-Tested)
166,PP-Bizon | Osiris (Factory New)
167,PP-Bizon | Osiris (Battle-Scarred)
168,PP-Bizon | Judgement of Anubis (Well-Worn)
169,PP-Bizon | Judgement of Anubis (Minimal Wear)
170,PP-Bizon | Judgement of Anubis (Field-Tested)
171,PP-Bizon | Judgement of Anubis (Factory New)
172,PP-Bizon | Judgement of Anubis (Battle-Scarred)
173,PP-Bizon | High Roller (Well-Worn)
174,PP-Bizon | High Roller (Minimal Wear)
175,PP-Bizon | High Roller (Field-Tested)
176,PP-Bizon | High Roller (Factory New)
177,PP-Bizon | High Roller (Battle-Scarred)
178,PP-Bizon | Fuel Rod (Well-Worn)
179,PP-Bizon | Fuel Rod (Minimal Wear)
180,PP-Bizon | Fuel Rod (Field-Tested)
181,PP-Bizon | Fuel Rod (Factory New)
182,PP-Bizon | Fuel Rod (Battle-Scarred)
183,PP-Bizon | Embargo (Well-Worn)
184,PP-Bizon | Embargo (Minimal Wear)
185,PP-Bizon | Embargo (Field-Tested)
186,PP-Bizon | Embargo (Factory New)
187,PP-Bizon | Embargo (Battle-Scarred)
188,PP-Bizon | Blue Streak (Well-Worn)
189,PP-Bizon | Blue Streak (Minimal Wear)
190,PP-Bizon | Blue Streak (Field-Tested)
191,PP-Bizon | Blue Streak (Factory New)
192,PP-Bizon | Blue Streak (Battle-Scarred)
193,PP-Bizon | Antique (Well-Worn)
194,PP-Bizon | Antique (Minimal Wear)
195,PP-Bizon | Antique (Field-Tested)
196,PP-Bizon | Antique (Factory New)
197,PP-Bizon | Antique (Battle-Scarred)
198,P90 | Virus (Well-Worn)
199,P90 | Virus (Minimal Wear)
200,P90 | Virus (Field-Tested)
201,P90 | Virus (Factory New)
202,P90 | Virus (Battle-Scarred)
203,P90 | Vent Rush (Well-Worn)
204,P90 | Vent Rush (Minimal Wear)
205,P90 | Vent Rush (Field-Tested)
206,P90 | Vent Rush (Factory New)
207,P90 | Vent Rush (Battle-Scarred)
208,P90 | Trigon (Well-Worn)
209,P90 | Trigon (Minimal Wear)
210,P90 | Trigon (Field-Tested)
211,P90 | Trigon (Battle-Scarred)
212,P90 | Shapewood (Well-Worn)
213,P90 | Shapewood (Minimal Wear)
214,P90 | Shapewood (Field-Tested)
215,P90 | Shapewood (Factory New)
216,P90 | Shapewood (Battle-Scarred)
217,P90 | Shallow Grave (Well-Worn)
218,P90 | Shallow Grave (Minimal Wear)
219,P90 | Shallow Grave (Field-Tested)
220,P90 | Shallow Grave (Factory New)
221,P90 | Shallow Grave (Battle-Scarred)
222,P90 | Run and Hide (Well-Worn)
223,P90 | Run and Hide (Minimal Wear)
224,P90 | Run and Hide (Field-Tested)
225,P90 | Run and Hide (Factory New)
226,P90 | Run and Hide (Battle-Scarred)
227,P90 | Nostalgia (Well-Worn)
228,P90 | Nostalgia (Minimal Wear)
229,P90 | Nostalgia (Field-Tested)
230,P90 | Nostalgia (Factory New)
231,P90 | Nostalgia (Battle-Scarred)
232,P90 | Emerald Dragon (Well-Worn)
233,P90 | Emerald Dragon (Minimal Wear)
234,P90 | Emerald Dragon (Field-Tested)
235,P90 | Emerald Dragon (Battle-Scarred)
236,P90 | Death Grip (Well-Worn)
237,P90 | Death Grip (Minimal Wear)
238,P90 | Death Grip (Field-Tested)
239,P90 | Death Grip (Factory New)
240,P90 | Death Grip (Battle-Scarred)
241,P90 | Death by Kitty (Minimal Wear)
242,P90 | Death by Kitty (Field-Tested)
243,P90 | Cold Blooded (Minimal Wear)
244,P90 | Cold Blooded (Factory New)
245,P90 | Chopper (Well-Worn)
246,P90 | Chopper (Minimal Wear)
247,P90 | Chopper (Field-Tested)
248,P90 | Chopper (Factory New)
249,P90 | Chopper (Battle-Scarred)
250,P90 | Blind Spot (Well-Worn)
251,P90 | Blind Spot (Minimal Wear)
252,P90 | Blind Spot (Field-Tested)
253,P90 | Blind Spot (Factory New)
254,P90 | Blind Spot (Battle-Scarred)
255,P90 | Astral Jörmungandr (Well-Worn)
256,P90 | Astral Jörmungandr (Minimal Wear)
257,P90 | Astral Jörmungandr (Field-Tested)
258,P90 | Astral Jörmungandr (Factory New)
259,P90 | Astral Jörmungandr (Battle-Scarred)
260,P90 | Asiimov (Well-Worn)
261,P90 | Asiimov (Minimal Wear)
262,P90 | Asiimov (Field-Tested)
263,P90 | Asiimov (Factory New)
264,P90 | Asiimov (Battle-Scarred)
265,P250 | X-Ray (Minimal Wear)
266,P250 | X-Ray (Field-Tested)
267,P250 | X-Ray (Factory New)
268,P250 | Wingshot (Well-Worn)
269,P250 | Wingshot (Minimal Wear)
270,P250 | Wingshot (Field-Tested)
271,P250 | Wingshot (Factory New)
272,P250 | Wingshot (Battle-Scarred)
273,P250 | Visions (Well-Worn)
274,P250 | Visions (Minimal Wear)
275,P250 | Visions (Field-Tested)
276,P250 | Visions (Factory New)
277,P250 | Visions (Battle-Scarred)
278,P250 | Vino Primo (Well-Worn)
279,P250 | Vino Primo (Minimal Wear)
280,P250 | Vino Primo (Field-Tested)
281,P250 | Vino Primo (Factory New)
282,P250 | Vino Primo (Battle-Scarred)
283,P250 | Undertow (Minimal Wear)
284,P250 | Undertow (Field-Tested)
285,P250 | Undertow (Factory New)
286,P250 | Supernova (Well-Worn)
287,P250 | Supernova (Minimal Wear)
288,P250 | Supernova (Field-Tested)
289,P250 | Supernova (Factory New)
290,P250 | Splash (Minimal Wear)
291,P250 | Splash (Field-Tested)
292,P250 | Splash (Factory New)
293,P250 | See Ya Later (Well-Worn)
294,P250 | See Ya Later (Minimal Wear)
295,P250 | See Ya Later (Field-Tested)
296,P250 | See Ya Later (Factory New)
297,P250 | See Ya Later (Battle-Scarred)
298,P250 | Red Rock (Well-Worn)
299,P250 | Red Rock (Minimal Wear)
300,P250 | Red Rock (Field-Tested)
301,P250 | Red Rock (Factory New)
302,P250 | Red Rock (Battle-Scarred)
303,P250 | Nuclear Threat (Well-Worn)
304,P250 | Nuclear Threat (Minimal Wear)
305,P250 | Nuclear Threat (Field-Tested)
306,P250 | Nuclear Threat (Factory New)
307,P250 | Nuclear Threat (Battle-Scarred)
308,P250 | Nevermore (Well-Worn)
309,P250 | Nevermore (Minimal Wear)
310,P250 | Nevermore (Field-Tested)
311,P250 | Nevermore (Factory New)
312,P250 | Muertos (Well-Worn)
313,P250 | Muertos (Minimal Wear)
314,P250 | Muertos (Field-Tested)
315,P250 | Muertos (Factory New)
316,P250 | Muertos (Battle-Scarred)
317,P250 | Mehndi (Well-Worn)
318,P250 | Mehndi (Minimal Wear)
319,P250 | Mehndi (Field-Tested)
320,P250 | Mehndi (Factory New)
321,P250 | Mehndi (Battle-Scarred)
322,P250 | Inferno (Well-Worn)
323,P250 | Inferno (Minimal Wear)
324,P250 | Inferno (Field-Tested)
325,P250 | Inferno (Factory New)
326,P250 | Inferno (Battle-Scarred)
327,P250 | Franklin (Well-Worn)
328,P250 | Franklin (Minimal Wear)
329,P250 | Franklin (Field-Tested)
330,P250 | Franklin (Factory New)
331,P250 | Digital Architect (Well-Worn)
332,P250 | Digital Architect (Minimal Wear)
333,P250 | Digital Architect (Field-Tested)
334,P250 | Digital Architect (Factory New)
335,P250 | Digital Architect (Battle-Scarred)
336,P250 | Cyber Shell (Well-Worn)
337,P250 | Cyber Shell (Minimal Wear)
338,P250 | Cyber Shell (Field-Tested)
339,P250 | Cyber Shell (Factory New)
340,P250 | Cyber Shell (Battle-Scarred)
341,P250 | Cartel (Well-Worn)
342,P250 | Cartel (Minimal Wear)
343,P250 | Cartel (Field-Tested)
344,P250 | Cartel (Factory New)
345,P250 | Cartel (Battle-Scarred)
346,P250 | Asiimov (Well-Worn)
347,P250 | Asiimov (Minimal Wear)
348,P250 | Asiimov (Field-Tested)
349,P250 | Asiimov (Battle-Scarred)
350,P2000 | Woodsman (Well-Worn)
351,P2000 | Woodsman (Minimal Wear)
352,P2000 | Woodsman (Field-Tested)
353,P2000 | Woodsman (Factory New)
354,P2000 | Woodsman (Battle-Scarred)
355,P2000 | Space Race (Well-Worn)
356,P2000 | Space Race (Minimal Wear)
357,P2000 | Space Race (Field-Tested)
358,P2000 | Space Race (Factory New)
359,P2000 | Space Race (Battle-Scarred)
360,P2000 | Scorpion (Minimal Wear)
361,P2000 | Scorpion (Factory New)
362,P2000 | Ocean Foam (Minimal Wear)
363,P2000 | Ocean Foam (Factory New)
364,P2000 | Obsidian (Well-Worn)
365,P2000 | Obsidian (Minimal Wear)
366,P2000 | Obsidian (Field-Tested)
367,P2000 | Obsidian (Factory New)
368,P2000 | Obsidian (Battle-Scarred)
369,P2000 | Imperial Dragon (Well-Worn)
370,P2000 | Imperial Dragon (Minimal Wear)
371,P2000 | Imperial Dragon (Field-Tested)
372,P2000 | Imperial Dragon (Factory New)
373,P2000 | Imperial Dragon (Battle-Scarred)
374,P2000 | Handgun (Well-Worn)
375,P2000 | Handgun (Minimal Wear)
376,P2000 | Handgun (Field-Tested)
377,P2000 | Handgun (Factory New)
378,P2000 | Handgun (Battle-Scarred)
379,P2000 | Fire Elemental (Well-Worn)
380,P2000 | Fire Elemental (Minimal Wear)
381,P2000 | Fire Elemental (Field-Tested)
382,P2000 | Fire Elemental (Factory New)
383,P2000 | Fire Elemental (Battle-Scarred)
384,P2000 | Corticera (Minimal Wear)
385,P2000 | Corticera (Field-Tested)
386,P2000 | Corticera (Factory New)
387,P2000 | Amber Fade (Well-Worn)
388,P2000 | Amber Fade (Minimal Wear)
389,P2000 | Amber Fade (Field-Tested)
390,P2000 | Amber Fade (Factory New)
391,P2000 | Acid Etched (Well-Worn)
392,P2000 | Acid Etched (Minimal Wear)
393,P2000 | Acid Etched (Field-Tested)
394,P2000 | Acid Etched (Factory New)
395,P2000 | Acid Etched (Battle-Scarred)
396,Nova | Wild Six (Well-Worn)
397,Nova | Wild Six (Minimal Wear)
398,Nova | Wild Six (Field-Tested)
399,Nova | Wild Six (Factory New)
400,Nova | Wild Six (Battle-Scarred)
401,Nova | Toy Soldier (Well-Worn)
402,Nova | Toy Soldier (Minimal Wear)
403,Nova | Toy Soldier (Field-Tested)
404,Nova | Toy Soldier (Factory New)
405,Nova | Toy Soldier (Battle-Scarred)
406,Nova | Rising Skull (Well-Worn)
407,Nova | Rising Skull (Minimal Wear)
408,Nova | Rising Skull (Field-Tested)
409,Nova | Rising Skull (Factory New)
410,Nova | Rising Skull (Battle-Scarred)
411,Nova | Red Quartz (Well-Worn)
412,Nova | Red Quartz (Minimal Wear)
413,Nova | Red Quartz (Field-Tested)
414,Nova | Red Quartz (Factory New)
415,Nova | Koi (Minimal Wear)
416,Nova | Koi (Field-Tested)
417,Nova | Koi (Factory New)
418,Nova | Hyper Beast (Well-Worn)
419,Nova | Hyper Beast (Minimal Wear)
420,Nova | Hyper Beast (Field-Tested)
421,Nova | Hyper Beast (Factory New)
422,Nova | Hyper Beast (Battle-Scarred)
423,Nova | Graphite (Minimal Wear)
424,Nova | Graphite (Factory New)
425,Nova | Gila (Minimal Wear)
426,Nova | Gila (Field-Tested)
427,Nova | Gila (Factory New)
428,Nova | Clear Polymer (Well-Worn)
429,Nova | Clear Polymer (Minimal Wear)
430,Nova | Clear Polymer (Field-Tested)
431,Nova | Clear Polymer (Factory New)
432,Nova | Clear Polymer (Battle-Scarred)
433,Nova | Bloomstick (Well-Worn)
434,Nova | Bloomstick (Minimal Wear)
435,Nova | Bloomstick (Field-Tested)
436,Nova | Bloomstick (Factory New)
437,Nova | Bloomstick (Battle-Scarred)
438,Nova | Baroque Orange (Well-Worn)
439,Nova | Baroque Orange (Minimal Wear)
440,Nova | Baroque Orange (Field-Tested)
441,Nova | Baroque Orange (Factory New)
442,Nova | Baroque Orange (Battle-Scarred)
443,Nova | Antique (Minimal Wear)
444,Nova | Antique (Field-Tested)
445,Nova | Antique (Factory New)
446,Negev | Power Loader (Well-Worn)
447,Negev | Power Loader (Minimal Wear)
448,Negev | Power Loader (Field-Tested)
449,Negev | Power Loader (Factory New)
450,Negev | Power Loader (Battle-Scarred)
451,Negev | Loudmouth (Well-Worn)
452,Negev | Loudmouth (Minimal Wear)
453,Negev | Loudmouth (Field-Tested)
454,Negev | Loudmouth (Battle-Scarred)
455,Negev | Lionfish (Well-Worn)
456,Negev | Lionfish (Minimal Wear)
457,Negev | Lionfish (Field-Tested)
458,Negev | Lionfish (Factory New)
459,Negev | Lionfish (Battle-Scarred)
460,Negev | dev_texture (Well-Worn)
461,Negev | dev_texture (Minimal Wear)
462,Negev | dev_texture (Field-Tested)
463,Negev | dev_texture (Factory New)
464,Negev | dev_texture (Battle-Scarred)
465,MP9 | Wild Lily (Minimal Wear)
466,MP9 | Wild Lily (Field-Tested)
467,MP9 | Wild Lily (Battle-Scarred)
468,MP9 | Starlight Protector (Well-Worn)
469,MP9 | Starlight Protector (Minimal Wear)
470,MP9 | Starlight Protector (Field-Tested)
471,MP9 | Starlight Protector (Factory New)
472,MP9 | Starlight Protector (Battle-Scarred)
473,MP9 | Stained Glass (Well-Worn)
474,MP9 | Stained Glass (Minimal Wear)
475,MP9 | Stained Glass (Field-Tested)
476,MP9 | Stained Glass (Factory New)
477,MP9 | Stained Glass (Battle-Scarred)
478,MP9 | Ruby Poison Dart (Well-Worn)
479,MP9 | Ruby Poison Dart (Minimal Wear)
480,MP9 | Ruby Poison Dart (Field-Tested)
481,MP9 | Ruby Poison Dart (Factory New)
482,MP9 | Ruby Poison Dart (Battle-Scarred)
483,MP9 | Rose Iron (Minimal Wear)
484,MP9 | Rose Iron (Field-Tested)
485,MP9 | Rose Iron (Factory New)
486,MP9 | Mount Fuji (Well-Worn)
487,MP9 | Mount Fuji (Minimal Wear)
488,MP9 | Mount Fuji (Field-Tested)
489,MP9 | Mount Fuji (Factory New)
490,MP9 | Mount Fuji (Battle-Scarred)
491,MP9 | Hypnotic (Minimal Wear)
492,MP9 | Hypnotic (Factory New)
493,MP9 | Hydra (Well-Worn)
494,MP9 | Hydra (Minimal Wear)
495,MP9 | Hydra (Field-Tested)
496,MP9 | Hydra (Factory New)
497,MP9 | Hydra (Battle-Scarred)
498,MP9 | Goo (Well-Worn)
499,MP9 | Goo (Minimal Wear)
500,MP9 | Goo (Field-Tested)
501,MP9 | Goo (Factory New)
502,MP9 | Goo (Battle-Scarred)
503,MP9 | Food Chain (Well-Worn)
504,MP9 | Food Chain (Minimal Wear)
505,MP9 | Food Chain (Field-Tested)
506,MP9 | Food Chain (Factory New)
507,MP9 | Food Chain (Battle-Scarred)
508,MP9 | Bulldozer (Well-Worn)
509,MP9 | Bulldozer (Minimal Wear)
510,MP9 | Bulldozer (Field-Tested)
511,MP9 | Bulldozer (Battle-Scarred)
512,MP9 | Airlock (Well-Worn)
513,MP9 | Airlock (Minimal Wear)
514,MP9 | Airlock (Field-Tested)
515,MP9 | Airlock (Factory New)
516,MP9 | Airlock (Battle-Scarred)
517,MP7 | Special Delivery (Well-Worn)
518,MP7 | Special Delivery (Minimal Wear)
519,MP7 | Special Delivery (Field-Tested)
520,MP7 | Special Delivery (Factory New)
521,MP7 | Special Delivery (Battle-Scarred)
522,MP7 | Powercore (Well-Worn)
523,MP7 | Powercore (Minimal Wear)
524,MP7 | Powercore (Field-Tested)
525,MP7 | Powercore (Factory New)
526,MP7 | Powercore (Battle-Scarred)
527,MP7 | Ocean Foam (Minimal Wear)
528,MP7 | Ocean Foam (Factory New)
529,MP7 | Neon Ply (Well-Worn)
530,MP7 | Neon Ply (Minimal Wear)
531,MP7 | Neon Ply (Field-Tested)
532,MP7 | Neon Ply (Factory New)
533,MP7 | Neon Ply (Battle-Scarred)
534,MP7 | Nemesis (Minimal Wear)
535,MP7 | Nemesis (Field-Tested)
536,MP7 | Nemesis (Factory New)
537,MP7 | Impire (Well-Worn)
538,MP7 | Impire (Minimal Wear)
539,MP7 | Impire (Field-Tested)
540,MP7 | Impire (Factory New)
541,MP7 | Fade (Minimal Wear)
542,MP7 | Fade (Field-Tested)
543,MP7 | Fade (Factory New)
544,MP7 | Bloodsport (Well-Worn)
545,MP7 | Bloodsport (Minimal Wear)
546,MP7 | Bloodsport (Field-Tested)
547,MP7 | Bloodsport (Factory New)
548,MP7 | Bloodsport (Battle-Scarred)
549,MP7 | Abyssal Apparition (Well-Worn)
550,MP7 | Abyssal Apparition (Minimal Wear)
551,MP7 | Abyssal Apparition (Field-Tested)
552,MP7 | Abyssal Apparition (Factory New)
553,MP7 | Abyssal Apparition (Battle-Scarred)
554,MP5-SD | Phosphor (Well-Worn)
555,MP5-SD | Phosphor (Minimal Wear)
556,MP5-SD | Phosphor (Field-Tested)
557,MP5-SD | Phosphor (Factory New)
558,MP5-SD | Phosphor (Battle-Scarred)
559,MP5-SD | Oxide Oasis (Well-Worn)
560,MP5-SD | Oxide Oasis (Minimal Wear)
561,MP5-SD | Oxide Oasis (Field-Tested)
562,MP5-SD | Oxide Oasis (Factory New)
563,MP5-SD | Oxide Oasis (Battle-Scarred)
564,MP5-SD | Kitbash (Well-Worn)
565,MP5-SD | Kitbash (Minimal Wear)
566,MP5-SD | Kitbash (Field-Tested)
567,MP5-SD | Kitbash (Factory New)
568,MP5-SD | Kitbash (Battle-Scarred)
569,MP5-SD | Gauss (Well-Worn)
570,MP5-SD | Gauss (Minimal Wear)
571,MP5-SD | Gauss (Field-Tested)
572,MP5-SD | Gauss (Factory New)
573,MP5-SD | Gauss (Battle-Scarred)
574,MP5-SD | Autumn Twilly (Well-Worn)
575,MP5-SD | Autumn Twilly (Minimal Wear)
576,MP5-SD | Autumn Twilly (Field-Tested)
577,MP5-SD | Autumn Twilly (Factory New)
578,MP5-SD | Autumn Twilly (Battle-Scarred)
579,MP5-SD | Agent (Well-Worn)
580,MP5-SD | Agent (Minimal Wear)
581,MP5-SD | Agent (Field-Tested)
582,MP5-SD | Agent (Factory New)
583,MP5-SD | Agent (Battle-Scarred)
584,MAG-7 | SWAG-7 (Well-Worn)
585,MAG-7 | SWAG-7 (Minimal Wear)
586,MAG-7 | SWAG-7 (Field-Tested)
587,MAG-7 | SWAG-7 (Factory New)
588,MAG-7 | SWAG-7 (Battle-Scarred)
589,MAG-7 | Prism Terrace (Minimal Wear)
590,MAG-7 | Prism Terrace (Field-Tested)
591,MAG-7 | Prism Terrace (Factory New)
592,MAG-7 | Praetorian (Well-Worn)
593,MAG-7 | Praetorian (Minimal Wear)
594,MAG-7 | Praetorian (Field-Tested)
595,MAG-7 | Praetorian (Factory New)
596,MAG-7 | Petroglyph (Well-Worn)
597,MAG-7 | Petroglyph (Minimal Wear)
598,MAG-7 | Petroglyph (Field-Tested)
599,MAG-7 | Petroglyph (Factory New)
600,MAG-7 | Monster Call (Well-Worn)
601,MAG-7 | Monster Call (Minimal Wear)
602,MAG-7 | Monster Call (Field-Tested)
603,MAG-7 | Monster Call (Factory New)
604,MAG-7 | Monster Call (Battle-Scarred)
605,MAG-7 | Justice (Well-Worn)
606,MAG-7 | Justice (Minimal Wear)
607,MAG-7 | Justice (Field-Tested)
608,MAG-7 | Justice (Factory New)
609,MAG-7 | Justice (Battle-Scarred)
610,MAG-7 | Heat (Well-Worn)
611,MAG-7 | Heat (Minimal Wear)
612,MAG-7 | Heat (Field-Tested)
613,MAG-7 | Heat (Factory New)
614,MAG-7 | Heat (Battle-Scarred)
615,MAG-7 | Core Breach (Well-Worn)
616,MAG-7 | Core Breach (Minimal Wear)
617,MAG-7 | Core Breach (Field-Tested)
618,MAG-7 | Core Breach (Factory New)
619,MAG-7 | Core Breach (Battle-Scarred)
620,MAG-7 | Cinquedea (Well-Worn)
621,MAG-7 | Cinquedea (Minimal Wear)
622,MAG-7 | Cinquedea (Field-Tested)
623,MAG-7 | Cinquedea (Factory New)
624,MAG-7 | Cinquedea (Battle-Scarred)
625,MAG-7 | Bulldozer (Well-Worn)
626,MAG-7 | Bulldozer (Minimal Wear)
627,MAG-7 | Bulldozer (Field-Tested)
628,MAG-7 | Bulldozer (Factory New)
629,MAG-7 | Bulldozer (Battle-Scarred)
630,MAG-7 | BI83 Spectrum (Well-Worn)
631,MAG-7 | BI83 Spectrum (Minimal Wear)
632,MAG-7 | BI83 Spectrum (Field-Tested)
633,MAG-7 | BI83 Spectrum (Factory New)
634,MAG-7 | BI83 Spectrum (Battle-Scarred)
635,MAC-10 | Toybox (Well-Worn)
636,MAC-10 | Toybox (Minimal Wear)
637,MAC-10 | Toybox (Field-Tested)
638,MAC-10 | Toybox (Factory New)
639,MAC-10 | Toybox (Battle-Scarred)
640,MAC-10 | Tatter (Well-Worn)
641,MAC-10 | Tatter (Minimal Wear)
642,MAC-10 | Tatter (Field-Tested)
643,MAC-10 | Tatter (Factory New)
644,MAC-10 | Tatter (Battle-Scarred)
645,MAC-10 | Stalker (Well-Worn)
646,MAC-10 | Stalker (Minimal Wear)
647,MAC-10 | Stalker (Field-Tested)
648,MAC-10 | Stalker (Factory New)
649,MAC-10 | Stalker (Battle-Scarred)
650,MAC-10 | Red Filigree (Well-Worn)
651,MAC-10 | Red Filigree (Minimal Wear)
652,MAC-10 | Red Filigree (Field-Tested)
653,MAC-10 | Red Filigree (Factory New)
654,MAC-10 | Red Filigree (Battle-Scarred)
655,MAC-10 | Propaganda (Well-Worn)
656,MAC-10 | Propaganda (Minimal Wear)
657,MAC-10 | Propaganda (Field-Tested)
658,MAC-10 | Propaganda (Factory New)
659,MAC-10 | Propaganda (Battle-Scarred)
660,MAC-10 | Pipe Down (Well-Worn)
661,MAC-10 | Pipe Down (Minimal Wear)
662,MAC-10 | Pipe Down (Field-Tested)
663,MAC-10 | Pipe Down (Factory New)
664,MAC-10 | Pipe Down (Battle-Scarred)
665,MAC-10 | Neon Rider (Well-Worn)
666,MAC-10 | Neon Rider (Minimal Wear)
667,MAC-10 | Neon Rider (Field-Tested)
668,MAC-10 | Neon Rider (Factory New)
669,MAC-10 | Malachite (Well-Worn)
670,MAC-10 | Malachite (Minimal Wear)
671,MAC-10 | Malachite (Field-Tested)
672,MAC-10 | Malachite (Factory New)
673,MAC-10 | Malachite (Battle-Scarred)
674,MAC-10 | Last Dive (Well-Worn)
675,MAC-10 | Last Dive (Minimal Wear)
676,MAC-10 | Last Dive (Field-Tested)
677,MAC-10 | Last Dive (Factory New)
678,MAC-10 | Last Dive (Battle-Scarred)
679,MAC-10 | Hot Snakes (Well-Worn)
680,MAC-10 | Hot Snakes (Minimal Wear)
681,MAC-10 | Hot Snakes (Field-Tested)
682,MAC-10 | Hot Snakes (Factory New)
683,MAC-10 | Hot Snakes (Battle-Scarred)
684,MAC-10 | Heat (Well-Worn)
685,MAC-10 | Heat (Minimal Wear)
686,MAC-10 | Heat (Field-Tested)
687,MAC-10 | Heat (Factory New)
688,MAC-10 | Heat (Battle-Scarred)
689,MAC-10 | Graven (Well-Worn)
690,MAC-10 | Graven (Minimal Wear)
691,MAC-10 | Graven (Field-Tested)
692,MAC-10 | Graven (Factory New)
693,MAC-10 | Graven (Battle-Scarred)
694,MAC-10 | Gold Brick (Well-Worn)
695,MAC-10 | Gold Brick (Minimal Wear)
696,MAC-10 | Gold Brick (Field-Tested)
697,MAC-10 | Gold Brick (Factory New)
698,MAC-10 | Gold Brick (Battle-Scarred)
699,MAC-10 | Disco Tech (Well-Worn)
700,MAC-10 | Disco Tech (Minimal Wear)
701,MAC-10 | Disco Tech (Field-Tested)
702,MAC-10 | Disco Tech (Factory New)
703,MAC-10 | Disco Tech (Battle-Scarred)
704,MAC-10 | Curse (Well-Worn)
705,MAC-10 | Curse (Minimal Wear)
706,MAC-10 | Curse (Field-Tested)
707,MAC-10 | Curse (Factory New)
708,MAC-10 | Curse (Battle-Scarred)
709,MAC-10 | Case Hardened (Well-Worn)
710,MAC-10 | Case Hardened (Minimal Wear)
711,MAC-10 | Case Hardened (Field-Tested)
712,MAC-10 | Case Hardened (Factory New)
713,MAC-10 | Case Hardened (Battle-Scarred)
714,MAC-10 | Button Masher (Well-Worn)
715,MAC-10 | Button Masher (Minimal Wear)
716,MAC-10 | Button Masher (Field-Tested)
717,MAC-10 | Button Masher (Factory New)
718,MAC-10 | Button Masher (Battle-Scarred)
719,MAC-10 | Allure (Well-Worn)
720,MAC-10 | Allure (Minimal Wear)
721,MAC-10 | Allure (Field-Tested)
722,MAC-10 | Allure (Factory New)
723,MAC-10 | Allure (Battle-Scarred)
724,M4A4 | 龍王 (Dragon King) (Well-Worn)
725,M4A4 | 龍王 (Dragon King) (Minimal Wear)
726,M4A4 | 龍王 (Dragon King) (Field-Tested)
727,M4A4 | 龍王 (Dragon King) (Factory New)
728,M4A4 | 龍王 (Dragon King) (Battle-Scarred)
729,M4A4 | Zirka (Well-Worn)
730,M4A4 | Zirka (Minimal Wear)
731,M4A4 | Zirka (Field-Tested)
732,M4A4 | Zirka (Factory New)
733,M4A4 | X-Ray (Minimal Wear)
734,M4A4 | X-Ray (Field-Tested)
735,M4A4 | X-Ray (Factory New)
736,M4A4 | Tooth Fairy (Well-Worn)
737,M4A4 | Tooth Fairy (Minimal Wear)
738,M4A4 | Tooth Fairy (Field-Tested)
739,M4A4 | Tooth Fairy (Factory New)
740,M4A4 | Tooth Fairy (Battle-Scarred)
741,M4A4 | The Emperor (Well-Worn)
742,M4A4 | The Emperor (Minimal Wear)
743,M4A4 | The Emperor (Field-Tested)
744,M4A4 | The Emperor (Factory New)
745,M4A4 | The Emperor (Battle-Scarred)
746,M4A4 | The Coalition (Well-Worn)
747,M4A4 | The Coalition (Minimal Wear)
748,M4A4 | The Coalition (Field-Tested)
749,M4A4 | The Coalition (Factory New)
750,M4A4 | The Coalition (Battle-Scarred)
751,M4A4 | The Battlestar (Well-Worn)
752,M4A4 | The Battlestar (Minimal Wear)
753,M4A4 | The Battlestar (Field-Tested)
754,M4A4 | The Battlestar (Factory New)
755,M4A4 | The Battlestar (Battle-Scarred)
756,M4A4 | Spider Lily (Well-Worn)
757,M4A4 | Spider Lily (Minimal Wear)
758,M4A4 | Spider Lily (Field-Tested)
759,M4A4 | Spider Lily (Factory New)
760,M4A4 | Spider Lily (Battle-Scarred)
761,M4A4 | Royal Paladin (Well-Worn)
762,M4A4 | Royal Paladin (Minimal Wear)
763,M4A4 | Royal Paladin (Field-Tested)
764,M4A4 | Royal Paladin (Factory New)
765,M4A4 | Royal Paladin (Battle-Scarred)
766,M4A4 | Red DDPAT (Well-Worn)
767,M4A4 | Red DDPAT (Minimal Wear)
768,M4A4 | Red DDPAT (Field-Tested)
769,M4A4 | Red DDPAT (Factory New)
770,M4A4 | Red DDPAT (Battle-Scarred)
771,M4A4 | Poseidon (Minimal Wear)
772,M4A4 | Poseidon (Field-Tested)
773,M4A4 | Poseidon (Factory New)
774,M4A4 | Neo-Noir (Well-Worn)
775,M4A4 | Neo-Noir (Minimal Wear)
776,M4A4 | Neo-Noir (Field-Tested)
777,M4A4 | Neo-Noir (Factory New)
778,M4A4 | Neo-Noir (Battle-Scarred)
779,M4A4 | Modern Hunter (Well-Worn)
780,M4A4 | Modern Hunter (Minimal Wear)
781,M4A4 | Modern Hunter (Field-Tested)
782,M4A4 | Modern Hunter (Factory New)
783,M4A4 | Modern Hunter (Battle-Scarred)
784,M4A4 | In Living Color (Well-Worn)
785,M4A4 | In Living Color (Minimal Wear)
786,M4A4 | In Living Color (Field-Tested)
787,M4A4 | In Living Color (Factory New)
788,M4A4 | In Living Color (Battle-Scarred)
789,M4A4 | Hellfire (Well-Worn)
790,M4A4 | Hellfire (Minimal Wear)
791,M4A4 | Hellfire (Field-Tested)
792,M4A4 | Hellfire (Factory New)
793,M4A4 | Hellfire (Battle-Scarred)
794,M4A4 | Griffin (Well-Worn)
795,M4A4 | Griffin (Minimal Wear)
796,M4A4 | Griffin (Field-Tested)
797,M4A4 | Griffin (Factory New)
798,M4A4 | Griffin (Battle-Scarred)
799,M4A4 | Evil Daimyo (Well-Worn)
800,M4A4 | Evil Daimyo (Minimal Wear)
801,M4A4 | Evil Daimyo (Field-Tested)
802,M4A4 | Evil Daimyo (Factory New)
803,M4A4 | Evil Daimyo (Battle-Scarred)
804,M4A4 | Desolate Space (Well-Worn)
805,M4A4 | Desolate Space (Minimal Wear)
806,M4A4 | Desolate Space (Field-Tested)
807,M4A4 | Desolate Space (Factory New)
808,M4A4 | Desolate Space (Battle-Scarred)
809,M4A4 | Desert-Strike (Well-Worn)
810,M4A4 | Desert-Strike (Minimal Wear)
811,M4A4 | Desert-Strike (Field-Tested)
812,M4A4 | Desert-Strike (Factory New)
813,M4A4 | Desert-Strike (Battle-Scarred)
814,M4A4 | Daybreak (Well-Worn)
815,M4A4 | Daybreak (Minimal Wear)
816,M4A4 | Daybreak (Field-Tested)
817,M4A4 | Daybreak (Factory New)
818,M4A4 | Daybreak (Battle-Scarred)
819,M4A4 | Cyber Security (Well-Worn)
820,M4A4 | Cyber Security (Minimal Wear)
821,M4A4 | Cyber Security (Field-Tested)
822,M4A4 | Cyber Security (Factory New)
823,M4A4 | Cyber Security (Battle-Scarred)
824,M4A4 | Buzz Kill (Well-Worn)
825,M4A4 | Buzz Kill (Minimal Wear)
826,M4A4 | Buzz Kill (Field-Tested)
827,M4A4 | Buzz Kill (Factory New)
828,M4A4 | Buzz Kill (Battle-Scarred)
829,M4A4 | Bullet Rain (Well-Worn)
830,M4A4 | Bullet Rain (Minimal Wear)
831,M4A4 | Bullet Rain (Field-Tested)
832,M4A4 | Bullet Rain (Factory New)
833,M4A4 | Bullet Rain (Battle-Scarred)
834,M4A4 | Asiimov (Well-Worn)
835,M4A4 | Asiimov (Field-Tested)
836,M4A4 | Asiimov (Battle-Scarred)
837,M4A1-S | Welcome to the Jungle (Well-Worn)
838,M4A1-S | Welcome to the Jungle (Field-Tested)
839,M4A1-S | Welcome to the Jungle (Battle-Scarred)
840,M4A1-S | Printstream (Well-Worn)
841,M4A1-S | Printstream (Minimal Wear)
842,M4A1-S | Printstream (Field-Tested)
843,M4A1-S | Printstream (Factory New)
844,M4A1-S | Printstream (Battle-Scarred)
845,M4A1-S | Player Two (Well-Worn)
846,M4A1-S | Player Two (Minimal Wear)
847,M4A1-S | Player Two (Field-Tested)
848,M4A1-S | Player Two (Factory New)
849,M4A1-S | Player Two (Battle-Scarred)
850,M4A1-S | Nitro (Well-Worn)
851,M4A1-S | Nitro (Minimal Wear)
852,M4A1-S | Nitro (Field-Tested)
853,M4A1-S | Nitro (Factory New)
854,M4A1-S | Nitro (Battle-Scarred)
855,M4A1-S | Nightmare (Well-Worn)
856,M4A1-S | Nightmare (Minimal Wear)
857,M4A1-S | Nightmare (Field-Tested)
858,M4A1-S | Nightmare (Factory New)
859,M4A1-S | Nightmare (Battle-Scarred)
860,M4A1-S | Night Terror (Well-Worn)
861,M4A1-S | Night Terror (Minimal Wear)
862,M4A1-S | Night Terror (Field-Tested)
863,M4A1-S | Night Terror (Factory New)
864,M4A1-S | Night Terror (Battle-Scarred)
865,M4A1-S | Mecha Industries (Well-Worn)
866,M4A1-S | Mecha Industries (Minimal Wear)
867,M4A1-S | Mecha Industries (Field-Tested)
868,M4A1-S | Mecha Industries (Factory New)
869,M4A1-S | Mecha Industries (Battle-Scarred)
870,M4A1-S | Master Piece (Well-Worn)
871,M4A1-S | Master Piece (Minimal Wear)
872,M4A1-S | Master Piece (Field-Tested)
873,M4A1-S | Master Piece (Factory New)
874,M4A1-S | Master Piece (Battle-Scarred)
875,M4A1-S | Leaded Glass (Well-Worn)
876,M4A1-S | Leaded Glass (Minimal Wear)
877,M4A1-S | Leaded Glass (Field-Tested)
878,M4A1-S | Leaded Glass (Factory New)
879,M4A1-S | Leaded Glass (Battle-Scarred)
880,M4A1-S | Imminent Danger (Well-Worn)
881,M4A1-S | Imminent Danger (Field-Tested)
882,M4A1-S | Imminent Danger (Battle-Scarred)
883,M4A1-S | Icarus Fell (Minimal Wear)
884,M4A1-S | Icarus Fell (Factory New)
885,M4A1-S | Hyper Beast (Well-Worn)
886,M4A1-S | Hyper Beast (Minimal Wear)
887,M4A1-S | Hyper Beast (Field-Tested)
888,M4A1-S | Hyper Beast (Factory New)
889,M4A1-S | Hyper Beast (Battle-Scarred)
890,M4A1-S | Hot Rod (Minimal Wear)
891,M4A1-S | Hot Rod (Factory New)
892,M4A1-S | Guardian (Well-Worn)
893,M4A1-S | Guardian (Minimal Wear)
894,M4A1-S | Guardian (Field-Tested)
895,M4A1-S | Guardian (Factory New)
896,M4A1-S | Guardian (Battle-Scarred)
897,M4A1-S | Golden Coil (Well-Worn)
898,M4A1-S | Golden Coil (Minimal Wear)
899,M4A1-S | Golden Coil (Field-Tested)
900,M4A1-S | Golden Coil (Factory New)
901,M4A1-S | Golden Coil (Battle-Scarred)
902,M4A1-S | Flashback (Well-Worn)
903,M4A1-S | Flashback (Minimal Wear)
904,M4A1-S | Flashback (Field-Tested)
905,M4A1-S | Flashback (Factory New)
906,M4A1-S | Flashback (Battle-Scarred)
907,M4A1-S | Decimator (Well-Worn)
908,M4A1-S | Decimator (Minimal Wear)
909,M4A1-S | Decimator (Field-Tested)
910,M4A1-S | Decimator (Factory New)
911,M4A1-S | Decimator (Battle-Scarred)
912,M4A1-S | Dark Water (Minimal Wear)
913,M4A1-S | Dark Water (Field-Tested)
914,M4A1-S | Cyrex (Well-Worn)
915,M4A1-S | Cyrex (Minimal Wear)
916,M4A1-S | Cyrex (Field-Tested)
917,M4A1-S | Cyrex (Factory New)
918,M4A1-S | Cyrex (Battle-Scarred)
919,M4A1-S | Control Panel (Well-Worn)
920,M4A1-S | Control Panel (Minimal Wear)
921,M4A1-S | Control Panel (Field-Tested)
922,M4A1-S | Control Panel (Factory New)
923,M4A1-S | Control Panel (Battle-Scarred)
924,M4A1-S | Chantico's Fire (Well-Worn)
925,M4A1-S | Chantico's Fire (Minimal Wear)
926,M4A1-S | Chantico's Fire (Field-Tested)
927,M4A1-S | Chantico's Fire (Factory New)
928,M4A1-S | Chantico's Fire (Battle-Scarred)
929,M4A1-S | Bright Water (Minimal Wear)
930,M4A1-S | Bright Water (Field-Tested)
931,M4A1-S | Blue Phosphor (Minimal Wear)
932,M4A1-S | Blue Phosphor (Factory New)
933,M4A1-S | Basilisk (Well-Worn)
934,M4A1-S | Basilisk (Minimal Wear)
935,M4A1-S | Basilisk (Field-Tested)
936,M4A1-S | Basilisk (Factory New)
937,M4A1-S | Basilisk (Battle-Scarred)
938,M4A1-S | Atomic Alloy (Well-Worn)
939,M4A1-S | Atomic Alloy (Minimal Wear)
940,M4A1-S | Atomic Alloy (Field-Tested)
941,M4A1-S | Atomic Alloy (Factory New)
942,M4A1-S | Atomic Alloy (Battle-Scarred)
943,M249 | Nebula Crusader (Well-Worn)
944,M249 | Nebula Crusader (Minimal Wear)
945,M249 | Nebula Crusader (Field-Tested)
946,M249 | Nebula Crusader (Factory New)
947,M249 | Nebula Crusader (Battle-Scarred)
948,M249 | Emerald Poison Dart (Well-Worn)
949,M249 | Emerald Poison Dart (Minimal Wear)
950,M249 | Emerald Poison Dart (Field-Tested)
951,M249 | Emerald Poison Dart (Factory New)
952,M249 | Downtown (Well-Worn)
953,M249 | Downtown (Minimal Wear)
954,M249 | Downtown (Field-Tested)
955,M249 | Downtown (Factory New)
956,M249 | Downtown (Battle-Scarred)
957,M249 | Aztec (Well-Worn)
958,M249 | Aztec (Minimal Wear)
959,M249 | Aztec (Field-Tested)
960,M249 | Aztec (Factory New)
961,M249 | Aztec (Battle-Scarred)
962,Glock-18 | Weasel (Well-Worn)
963,Glock-18 | Weasel (Minimal Wear)
964,Glock-18 | Weasel (Field-Tested)
965,Glock-18 | Weasel (Factory New)
966,Glock-18 | Weasel (Battle-Scarred)
967,Glock-18 | Water Elemental (Well-Worn)
968,Glock-18 | Water Elemental (Minimal Wear)
969,Glock-18 | Water Elemental (Field-Tested)
970,Glock-18 | Water Elemental (Factory New)
971,Glock-18 | Water Elemental (Battle-Scarred)
972,Glock-18 | Wasteland Rebel (Well-Worn)
973,Glock-18 | Wasteland Rebel (Minimal Wear)
974,Glock-18 | Wasteland Rebel (Field-Tested)
975,Glock-18 | Wasteland Rebel (Factory New)
976,Glock-18 | Wasteland Rebel (Battle-Scarred)
977,Glock-18 | Vogue (Well-Worn)
978,Glock-18 | Vogue (Minimal Wear)
979,Glock-18 | Vogue (Field-Tested)
980,Glock-18 | Vogue (Factory New)
981,Glock-18 | Vogue (Battle-Scarred)
982,Glock-18 | Twilight Galaxy (Minimal Wear)
983,Glock-18 | Twilight Galaxy (Field-Tested)
984,Glock-18 | Twilight Galaxy (Factory New)
985,Glock-18 | Synth Leaf (Well-Worn)
986,Glock-18 | Synth Leaf (Minimal Wear)
987,Glock-18 | Synth Leaf (Field-Tested)
988,Glock-18 | Synth Leaf (Factory New)
989,Glock-18 | Synth Leaf (Battle-Scarred)
990,Glock-18 | Steel Disruption (Minimal Wear)
991,Glock-18 | Steel Disruption (Field-Tested)
992,Glock-18 | Steel Disruption (Factory New)
993,Glock-18 | Snack Attack (Well-Worn)
994,Glock-18 | Snack Attack (Minimal Wear)
995,Glock-18 | Snack Attack (Field-Tested)
996,Glock-18 | Snack Attack (Factory New)
997,Glock-18 | Snack Attack (Battle-Scarred)
998,Glock-18 | Royal Legion (Well-Worn)
999,Glock-18 | Royal Legion (Minimal Wear)
1000,Glock-18 | Royal Legion (Field-Tested)
1001,Glock-18 | Royal Legion (Factory New)
1002,Glock-18 | Royal Legion (Battle-Scarred)
1003,Glock-18 | Pink DDPAT (Well-Worn)
1004,Glock-18 | Pink DDPAT (Minimal Wear)
1005,Glock-18 | Pink DDPAT (Field-Tested)
1006,Glock-18 | Pink DDPAT (Factory New)
1007,Glock-18 | Pink DDPAT (Battle-Scarred)
1008,Glock-18 | Nuclear Garden (Well-Worn)
1009,Glock-18 | Nuclear Garden (Minimal Wear)
1010,Glock-18 | Nuclear Garden (Field-Tested)
1011,Glock-18 | Nuclear Garden (Factory New)
1012,Glock-18 | Nuclear Garden (Battle-Scarred)
1013,Glock-18 | Neo-Noir (Well-Worn)
1014,Glock-18 | Neo-Noir (Minimal Wear)
1015,Glock-18 | Neo-Noir (Field-Tested)
1016,Glock-18 | Neo-Noir (Factory New)
1017,Glock-18 | Neo-Noir (Battle-Scarred)
1018,Glock-18 | Moonrise (Well-Worn)
1019,Glock-18 | Moonrise (Minimal Wear)
1020,Glock-18 | Moonrise (Field-Tested)
1021,Glock-18 | Moonrise (Factory New)
1022,Glock-18 | Moonrise (Battle-Scarred)
1023,Glock-18 | Grinder (Minimal Wear)
1024,Glock-18 | Grinder (Field-Tested)
1025,Glock-18 | Grinder (Factory New)
1026,Glock-18 | Gamma Doppler (Well-Worn)
1027,Glock-18 | Gamma Doppler (Minimal Wear)
1028,Glock-18 | Gamma Doppler (Field-Tested)
1029,Glock-18 | Gamma Doppler (Factory New)
1030,Glock-18 | Gamma Doppler (Battle-Scarred)
1031,Glock-18 | Franklin (Well-Worn)
1032,Glock-18 | Franklin (Minimal Wear)
1033,Glock-18 | Franklin (Field-Tested)
1034,Glock-18 | Franklin (Factory New)
1035,Glock-18 | Fade (Factory New)
1036,Glock-18 | Dragon Tattoo (Minimal Wear)
1037,Glock-18 | Dragon Tattoo (Factory New)
1038,Glock-18 | Bullet Queen (Well-Worn)
1039,Glock-18 | Bullet Queen (Minimal Wear)
1040,Glock-18 | Bullet Queen (Field-Tested)
1041,Glock-18 | Bullet Queen (Factory New)
1042,Glock-18 | Bullet Queen (Battle-Scarred)
1043,Glock-18 | Brass (Well-Worn)
1044,Glock-18 | Brass (Minimal Wear)
1045,Glock-18 | Brass (Field-Tested)
1046,Glock-18 | Brass (Factory New)
1047,Glock-18 | Brass (Battle-Scarred)
1048,Galil AR | Sugar Rush (Well-Worn)
1049,Galil AR | Sugar Rush (Minimal Wear)
1050,Galil AR | Sugar Rush (Field-Tested)
1051,Galil AR | Sugar Rush (Factory New)
1052,Galil AR | Sugar Rush (Battle-Scarred)
1053,Galil AR | Stone Cold (Well-Worn)
1054,Galil AR | Stone Cold (Minimal Wear)
1055,Galil AR | Stone Cold (Field-Tested)
1056,Galil AR | Stone Cold (Factory New)
1057,Galil AR | Stone Cold (Battle-Scarred)
1058,Galil AR | Signal (Well-Worn)
1059,Galil AR | Signal (Minimal Wear)
1060,Galil AR | Signal (Field-Tested)
1061,Galil AR | Signal (Factory New)
1062,Galil AR | Signal (Battle-Scarred)
1063,Galil AR | Phoenix Blacklight (Well-Worn)
1064,Galil AR | Phoenix Blacklight (Minimal Wear)
1065,Galil AR | Phoenix Blacklight (Field-Tested)
1066,Galil AR | Phoenix Blacklight (Factory New)
1067,Galil AR | Phoenix Blacklight (Battle-Scarred)
1068,Galil AR | Orange DDPAT (Well-Worn)
1069,Galil AR | Orange DDPAT (Minimal Wear)
1070,Galil AR | Orange DDPAT (Field-Tested)
1071,Galil AR | Orange DDPAT (Factory New)
1072,Galil AR | Orange DDPAT (Battle-Scarred)
1073,Galil AR | Firefight (Well-Worn)
1074,Galil AR | Firefight (Minimal Wear)
1075,Galil AR | Firefight (Field-Tested)
1076,Galil AR | Firefight (Factory New)
1077,Galil AR | Firefight (Battle-Scarred)
1078,Galil AR | Eco (Well-Worn)
1079,Galil AR | Eco (Minimal Wear)
1080,Galil AR | Eco (Field-Tested)
1081,Galil AR | Eco (Battle-Scarred)
1082,Galil AR | Crimson Tsunami (Well-Worn)
1083,Galil AR | Crimson Tsunami (Minimal Wear)
1084,Galil AR | Crimson Tsunami (Field-Tested)
1085,Galil AR | Crimson Tsunami (Factory New)
1086,Galil AR | Crimson Tsunami (Battle-Scarred)
1087,Galil AR | Connexion (Well-Worn)
1088,Galil AR | Connexion (Minimal Wear)
1089,Galil AR | Connexion (Field-Tested)
1090,Galil AR | Connexion (Factory New)
1091,Galil AR | Connexion (Battle-Scarred)
1092,Galil AR | Chromatic Aberration (Well-Worn)
1093,Galil AR | Chromatic Aberration (Minimal Wear)
1094,Galil AR | Chromatic Aberration (Field-Tested)
1095,Galil AR | Chromatic Aberration (Factory New)
1096,Galil AR | Chromatic Aberration (Battle-Scarred)
1097,Galil AR | Chatterbox (Well-Worn)
1098,Galil AR | Chatterbox (Field-Tested)
1099,Galil AR | Chatterbox (Battle-Scarred)
1100,Galil AR | Cerberus (Well-Worn)
1101,Galil AR | Cerberus (Minimal Wear)
1102,Galil AR | Cerberus (Field-Tested)
1103,Galil AR | Cerberus (Factory New)
1104,Galil AR | Cerberus (Battle-Scarred)
1105,Galil AR | CAUTION! (Well-Worn)
1106,Galil AR | CAUTION! (Minimal Wear)
1107,Galil AR | CAUTION! (Field-Tested)
1108,Galil AR | CAUTION! (Factory New)
1109,Galil AR | CAUTION! (Battle-Scarred)
1110,G3SG1 | The Executioner (Well-Worn)
1111,G3SG1 | The Executioner (Minimal Wear)
1112,G3SG1 | The Executioner (Field-Tested)
1113,G3SG1 | The Executioner (Battle-Scarred)
1114,G3SG1 | Stinger (Well-Worn)
1115,G3SG1 | Stinger (Minimal Wear)
1116,G3SG1 | Stinger (Field-Tested)
1117,G3SG1 | Stinger (Factory New)
1118,G3SG1 | Stinger (Battle-Scarred)
1119,G3SG1 | Scavenger (Well-Worn)
1120,G3SG1 | Scavenger (Minimal Wear)
1121,G3SG1 | Scavenger (Field-Tested)
1122,G3SG1 | Scavenger (Factory New)
1123,G3SG1 | Scavenger (Battle-Scarred)
1124,G3SG1 | High Seas (Well-Worn)
1125,G3SG1 | High Seas (Minimal Wear)
1126,G3SG1 | High Seas (Field-Tested)
1127,G3SG1 | High Seas (Factory New)
1128,G3SG1 | High Seas (Battle-Scarred)
1129,G3SG1 | Flux (Well-Worn)
1130,G3SG1 | Flux (Minimal Wear)
1131,G3SG1 | Flux (Field-Tested)
1132,G3SG1 | Flux (Factory New)
1133,G3SG1 | Flux (Battle-Scarred)
1134,G3SG1 | Dream Glade (Well-Worn)
1135,G3SG1 | Dream Glade (Minimal Wear)
1136,G3SG1 | Dream Glade (Field-Tested)
1137,G3SG1 | Dream Glade (Factory New)
1138,G3SG1 | Dream Glade (Battle-Scarred)
1139,G3SG1 | Chronos (Well-Worn)
1140,G3SG1 | Chronos (Minimal Wear)
1141,G3SG1 | Chronos (Field-Tested)
1142,G3SG1 | Chronos (Factory New)
1143,Five-SeveN | Triumvirate (Well-Worn)
1144,Five-SeveN | Triumvirate (Minimal Wear)
1145,Five-SeveN | Triumvirate (Field-Tested)
1146,Five-SeveN | Triumvirate (Factory New)
1147,Five-SeveN | Triumvirate (Battle-Scarred)
1148,Five-SeveN | Retrobution (Well-Worn)
1149,Five-SeveN | Retrobution (Minimal Wear)
1150,Five-SeveN | Retrobution (Field-Tested)
1151,Five-SeveN | Retrobution (Factory New)
1152,Five-SeveN | Retrobution (Battle-Scarred)
1153,Five-SeveN | Neon Kimono (Well-Worn)
1154,Five-SeveN | Neon Kimono (Minimal Wear)
1155,Five-SeveN | Neon Kimono (Field-Tested)
1156,Five-SeveN | Neon Kimono (Factory New)
1157,Five-SeveN | Neon Kimono (Battle-Scarred)
1158,Five-SeveN | Monkey Business (Well-Worn)
1159,Five-SeveN | Monkey Business (Minimal Wear)
1160,Five-SeveN | Monkey Business (Field-Tested)
1161,Five-SeveN | Monkey Business (Battle-Scarred)
1162,Five-SeveN | Hyper Beast (Well-Worn)
1163,Five-SeveN | Hyper Beast (Minimal Wear)
1164,Five-SeveN | Hyper Beast (Field-Tested)
1165,Five-SeveN | Hyper Beast (Factory New)
1166,Five-SeveN | Hyper Beast (Battle-Scarred)
1167,Five-SeveN | Fowl Play (Well-Worn)
1168,Five-SeveN | Fowl Play (Minimal Wear)
1169,Five-SeveN | Fowl Play (Field-Tested)
1170,Five-SeveN | Fowl Play (Factory New)
1171,Five-SeveN | Fowl Play (Battle-Scarred)
1172,Five-SeveN | Fall Hazard (Well-Worn)
1173,Five-SeveN | Fall Hazard (Minimal Wear)
1174,Five-SeveN | Fall Hazard (Field-Tested)
1175,Five-SeveN | Fall Hazard (Factory New)
1176,Five-SeveN | Fairy Tale (Well-Worn)
1177,Five-SeveN | Fairy Tale (Minimal Wear)
1178,Five-SeveN | Fairy Tale (Field-Tested)
1179,Five-SeveN | Fairy Tale (Factory New)
1180,Five-SeveN | Fairy Tale (Battle-Scarred)
1181,Five-SeveN | Copper Galaxy (Minimal Wear)
1182,Five-SeveN | Copper Galaxy (Field-Tested)
1183,Five-SeveN | Copper Galaxy (Factory New)
1184,Five-SeveN | Case Hardened (Well-Worn)
1185,Five-SeveN | Case Hardened (Minimal Wear)
1186,Five-SeveN | Case Hardened (Field-Tested)
1187,Five-SeveN | Case Hardened (Factory New)
1188,Five-SeveN | Case Hardened (Battle-Scarred)
1189,Five-SeveN | Buddy (Well-Worn)
1190,Five-SeveN | Buddy (Minimal Wear)
1191,Five-SeveN | Buddy (Field-Tested)
1192,Five-SeveN | Buddy (Factory New)
1193,Five-SeveN | Buddy (Battle-Scarred)
1194,Five-SeveN | Boost Protocol (Well-Worn)
1195,Five-SeveN | Boost Protocol (Minimal Wear)
1196,Five-SeveN | Boost Protocol (Field-Tested)
1197,Five-SeveN | Boost Protocol (Factory New)
1198,Five-SeveN | Berries And Cherries (Minimal Wear)
1199,Five-SeveN | Berries And Cherries (Factory New)
1200,Five-SeveN | Angry Mob (Well-Worn)
1201,Five-SeveN | Angry Mob (Minimal Wear)
1202,Five-SeveN | Angry Mob (Field-Tested)
1203,Five-SeveN | Angry Mob (Factory New)
1204,Five-SeveN | Angry Mob (Battle-Scarred)
1205,FAMAS | ZX Spectron (Well-Worn)
1206,FAMAS | ZX Spectron (Minimal Wear)
1207,FAMAS | ZX Spectron (Field-Tested)
1208,FAMAS | ZX Spectron (Factory New)
1209,FAMAS | ZX Spectron (Battle-Scarred)
1210,FAMAS | Valence (Well-Worn)
1211,FAMAS | Valence (Minimal Wear)
1212,FAMAS | Valence (Field-Tested)
1213,FAMAS | Valence (Factory New)
1214,FAMAS | Valence (Battle-Scarred)
1215,FAMAS | Styx (Well-Worn)
1216,FAMAS | Styx (Minimal Wear)
1217,FAMAS | Styx (Field-Tested)
1218,FAMAS | Styx (Factory New)
1219,FAMAS | Styx (Battle-Scarred)
1220,FAMAS | Spitfire (Well-Worn)
1221,FAMAS | Spitfire (Minimal Wear)
1222,FAMAS | Spitfire (Field-Tested)
1223,FAMAS | Spitfire (Factory New)
1224,FAMAS | Spitfire (Battle-Scarred)
1225,FAMAS | Sergeant (Well-Worn)
1226,FAMAS | Sergeant (Minimal Wear)
1227,FAMAS | Sergeant (Field-Tested)
1228,FAMAS | Sergeant (Battle-Scarred)
1229,FAMAS | Roll Cage (Well-Worn)
1230,FAMAS | Roll Cage (Minimal Wear)
1231,FAMAS | Roll Cage (Field-Tested)
1232,FAMAS | Roll Cage (Factory New)
1233,FAMAS | Roll Cage (Battle-Scarred)
1234,FAMAS | Rapid Eye Movement (Well-Worn)
1235,FAMAS | Rapid Eye Movement (Minimal Wear)
1236,FAMAS | Rapid Eye Movement (Field-Tested)
1237,FAMAS | Rapid Eye Movement (Factory New)
1238,FAMAS | Rapid Eye Movement (Battle-Scarred)
1239,FAMAS | Pulse (Well-Worn)
1240,FAMAS | Pulse (Minimal Wear)
1241,FAMAS | Pulse (Field-Tested)
1242,FAMAS | Pulse (Factory New)
1243,FAMAS | Prime Conspiracy (Well-Worn)
1244,FAMAS | Prime Conspiracy (Minimal Wear)
1245,FAMAS | Prime Conspiracy (Field-Tested)
1246,FAMAS | Prime Conspiracy (Factory New)
1247,FAMAS | Prime Conspiracy (Battle-Scarred)
1248,FAMAS | Neural Net (Well-Worn)
1249,FAMAS | Neural Net (Minimal Wear)
1250,FAMAS | Neural Net (Field-Tested)
1251,FAMAS | Neural Net (Factory New)
1252,FAMAS | Neural Net (Battle-Scarred)
1253,FAMAS | Meltdown (Well-Worn)
1254,FAMAS | Meltdown (Minimal Wear)
1255,FAMAS | Meltdown (Field-Tested)
1256,FAMAS | Meltdown (Factory New)
1257,FAMAS | Mecha Industries (Well-Worn)
1258,FAMAS | Mecha Industries (Minimal Wear)
1259,FAMAS | Mecha Industries (Field-Tested)
1260,FAMAS | Mecha Industries (Factory New)
1261,FAMAS | Mecha Industries (Battle-Scarred)
1262,FAMAS | Eye of Athena (Well-Worn)
1263,FAMAS | Eye of Athena (Minimal Wear)
1264,FAMAS | Eye of Athena (Field-Tested)
1265,FAMAS | Eye of Athena (Factory New)
1266,FAMAS | Eye of Athena (Battle-Scarred)
1267,FAMAS | Djinn (Well-Worn)
1268,FAMAS | Djinn (Minimal Wear)
1269,FAMAS | Djinn (Field-Tested)
1270,FAMAS | Djinn (Factory New)
1271,FAMAS | Djinn (Battle-Scarred)
1272,FAMAS | Commemoration (Well-Worn)
1273,FAMAS | Commemoration (Minimal Wear)
1274,FAMAS | Commemoration (Field-Tested)
1275,FAMAS | Commemoration (Factory New)
1276,FAMAS | Commemoration (Battle-Scarred)
1277,FAMAS | Afterimage (Well-Worn)
1278,FAMAS | Afterimage (Minimal Wear)
1279,FAMAS | Afterimage (Field-Tested)
1280,FAMAS | Afterimage (Factory New)
1281,Dual Berettas | Urban Shock (Well-Worn)
1282,Dual Berettas | Urban Shock (Minimal Wear)
1283,Dual Berettas | Urban Shock (Field-Tested)
1284,Dual Berettas | Urban Shock (Factory New)
1285,Dual Berettas | Urban Shock (Battle-Scarred)
1286,Dual Berettas | Twin Turbo (Well-Worn)
1287,Dual Berettas | Twin Turbo (Minimal Wear)
1288,Dual Berettas | Twin Turbo (Field-Tested)
1289,Dual Berettas | Twin Turbo (Factory New)
1290,Dual Berettas | Twin Turbo (Battle-Scarred)
1291,Dual Berettas | Royal Consorts (Well-Worn)
1292,Dual Berettas | Royal Consorts (Minimal Wear)
1293,Dual Berettas | Royal Consorts (Field-Tested)
1294,Dual Berettas | Royal Consorts (Factory New)
1295,Dual Berettas | Royal Consorts (Battle-Scarred)
1296,Dual Berettas | Melondrama (Well-Worn)
1297,Dual Berettas | Melondrama (Minimal Wear)
1298,Dual Berettas | Melondrama (Field-Tested)
1299,Dual Berettas | Melondrama (Factory New)
1300,Dual Berettas | Melondrama (Battle-Scarred)
1301,Dual Berettas | Marina (Well-Worn)
1302,Dual Berettas | Marina (Minimal Wear)
1303,Dual Berettas | Marina (Field-Tested)
1304,Dual Berettas | Marina (Factory New)
1305,Dual Berettas | Marina (Battle-Scarred)
1306,Dual Berettas | Hemoglobin (Minimal Wear)
1307,Dual Berettas | Hemoglobin (Field-Tested)
1308,Dual Berettas | Hemoglobin (Factory New)
1309,Dual Berettas | Flora Carnivora (Well-Worn)
1310,Dual Berettas | Flora Carnivora (Minimal Wear)
1311,Dual Berettas | Flora Carnivora (Field-Tested)
1312,Dual Berettas | Flora Carnivora (Factory New)
1313,Dual Berettas | Flora Carnivora (Battle-Scarred)
1314,Dual Berettas | Duelist (Well-Worn)
1315,Dual Berettas | Duelist (Minimal Wear)
1316,Dual Berettas | Duelist (Field-Tested)
1317,Dual Berettas | Duelist (Factory New)
1318,Dual Berettas | Duelist (Battle-Scarred)
1319,Dual Berettas | Dezastre (Well-Worn)
1320,Dual Berettas | Dezastre (Minimal Wear)
1321,Dual Berettas | Dezastre (Field-Tested)
1322,Dual Berettas | Dezastre (Factory New)
1323,Dual Berettas | Dezastre (Battle-Scarred)
1324,Dual Berettas | Demolition (Well-Worn)
1325,Dual Berettas | Demolition (Field-Tested)
1326,Dual Berettas | Demolition (Battle-Scarred)
1327,Dual Berettas | Cobra Strike (Well-Worn)
1328,Dual Berettas | Cobra Strike (Minimal Wear)
1329,Dual Berettas | Cobra Strike (Field-Tested)
1330,Dual Berettas | Cobra Strike (Factory New)
1331,Dual Berettas | Cobra Strike (Battle-Scarred)
1332,Dual Berettas | Cobalt Quartz (Well-Worn)
1333,Dual Berettas | Cobalt Quartz (Minimal Wear)
1334,Dual Berettas | Cobalt Quartz (Field-Tested)
1335,Dual Berettas | Cobalt Quartz (Factory New)
1336,Desert Eagle | Trigger Discipline (Well-Worn)
1337,Desert Eagle | Trigger Discipline (Minimal Wear)
1338,Desert Eagle | Trigger Discipline (Field-Tested)
1339,Desert Eagle | Trigger Discipline (Factory New)
1340,Desert Eagle | Trigger Discipline (Battle-Scarred)
1341,Desert Eagle | Sunset Storm 弐 (Minimal Wear)
1342,Desert Eagle | Sunset Storm 弐 (Field-Tested)
1343,Desert Eagle | Sunset Storm 弐 (Factory New)
1344,Desert Eagle | Sunset Storm 弐 (Battle-Scarred)
1345,Desert Eagle | Sunset Storm 壱 (Well-Worn)
1346,Desert Eagle | Sunset Storm 壱 (Minimal Wear)
1347,Desert Eagle | Sunset Storm 壱 (Field-Tested)
1348,Desert Eagle | Sunset Storm 壱 (Factory New)
1349,Desert Eagle | Sunset Storm 壱 (Battle-Scarred)
1350,Desert Eagle | Printstream (Well-Worn)
1351,Desert Eagle | Printstream (Minimal Wear)
1352,Desert Eagle | Printstream (Field-Tested)
1353,Desert Eagle | Printstream (Factory New)
1354,Desert Eagle | Printstream (Battle-Scarred)
1355,Desert Eagle | Pilot (Well-Worn)
1356,Desert Eagle | Pilot (Minimal Wear)
1357,Desert Eagle | Pilot (Field-Tested)
1358,Desert Eagle | Pilot (Factory New)
1359,Desert Eagle | Pilot (Battle-Scarred)
1360,Desert Eagle | Ocean Drive (Well-Worn)
1361,Desert Eagle | Ocean Drive (Minimal Wear)
1362,Desert Eagle | Ocean Drive (Field-Tested)
1363,Desert Eagle | Ocean Drive (Factory New)
1364,Desert Eagle | Ocean Drive (Battle-Scarred)
1365,Desert Eagle | Naga (Well-Worn)
1366,Desert Eagle | Naga (Minimal Wear)
1367,Desert Eagle | Naga (Field-Tested)
1368,Desert Eagle | Naga (Factory New)
1369,Desert Eagle | Naga (Battle-Scarred)
1370,Desert Eagle | Mecha Industries (Well-Worn)
1371,Desert Eagle | Mecha Industries (Minimal Wear)
1372,Desert Eagle | Mecha Industries (Field-Tested)
1373,Desert Eagle | Mecha Industries (Factory New)
1374,Desert Eagle | Mecha Industries (Battle-Scarred)
1375,Desert Eagle | Light Rail (Well-Worn)
1376,Desert Eagle | Light Rail (Minimal Wear)
1377,Desert Eagle | Light Rail (Field-Tested)
1378,Desert Eagle | Light Rail (Factory New)
1379,Desert Eagle | Light Rail (Battle-Scarred)
1380,Desert Eagle | Kumicho Dragon (Well-Worn)
1381,Desert Eagle | Kumicho Dragon (Minimal Wear)
1382,Desert Eagle | Kumicho Dragon (Field-Tested)
1383,Desert Eagle | Kumicho Dragon (Factory New)
1384,Desert Eagle | Kumicho Dragon (Battle-Scarred)
1385,Desert Eagle | Hypnotic (Minimal Wear)
1386,Desert Eagle | Hypnotic (Factory New)
1387,Desert Eagle | Heirloom (Well-Worn)
1388,Desert Eagle | Heirloom (Minimal Wear)
1389,Desert Eagle | Heirloom (Field-Tested)
1390,Desert Eagle | Heirloom (Factory New)
1391,Desert Eagle | Heirloom (Battle-Scarred)
1392,Desert Eagle | Hand Cannon (Well-Worn)
1393,Desert Eagle | Hand Cannon (Minimal Wear)
1394,Desert Eagle | Hand Cannon (Field-Tested)
1395,Desert Eagle | Hand Cannon (Factory New)
1396,Desert Eagle | Hand Cannon (Battle-Scarred)
1397,Desert Eagle | Golden Koi (Minimal Wear)
1398,Desert Eagle | Golden Koi (Factory New)
1399,Desert Eagle | Fennec Fox (Well-Worn)
1400,Desert Eagle | Fennec Fox (Minimal Wear)
1401,Desert Eagle | Fennec Fox (Field-Tested)
1402,Desert Eagle | Fennec Fox (Factory New)
1403,Desert Eagle | Fennec Fox (Battle-Scarred)
1404,Desert Eagle | Emerald Jörmungandr (Minimal Wear)
1405,Desert Eagle | Emerald Jörmungandr (Field-Tested)
1406,Desert Eagle | Emerald Jörmungandr (Factory New)
1407,Desert Eagle | Emerald Jörmungandr (Battle-Scarred)
1408,Desert Eagle | Directive (Well-Worn)
1409,Desert Eagle | Directive (Minimal Wear)
1410,Desert Eagle | Directive (Field-Tested)
1411,Desert Eagle | Directive (Factory New)
1412,Desert Eagle | Directive (Battle-Scarred)
1413,Desert Eagle | Crimson Web (Well-Worn)
1414,Desert Eagle | Crimson Web (Minimal Wear)
1415,Desert Eagle | Crimson Web (Field-Tested)
1416,Desert Eagle | Crimson Web (Factory New)
1417,Desert Eagle | Crimson Web (Battle-Scarred)
1418,Desert Eagle | Conspiracy (Minimal Wear)
1419,Desert Eagle | Conspiracy (Field-Tested)
1420,Desert Eagle | Conspiracy (Factory New)
1421,Desert Eagle | Code Red (Well-Worn)
1422,Desert Eagle | Code Red (Minimal Wear)
1423,Desert Eagle | Code Red (Field-Tested)
1424,Desert Eagle | Code Red (Factory New)
1425,Desert Eagle | Code Red (Battle-Scarred)
1426,Desert Eagle | Cobalt Disruption (Minimal Wear)
1427,Desert Eagle | Cobalt Disruption (Field-Tested)
1428,Desert Eagle | Cobalt Disruption (Factory New)
1429,Desert Eagle | Blaze (Minimal Wear)
1430,Desert Eagle | Blaze (Factory New)
1431,CZ75-Auto | Yellow Jacket (Well-Worn)
1432,CZ75-Auto | Yellow Jacket (Minimal Wear)
1433,CZ75-Auto | Yellow Jacket (Field-Tested)
1434,CZ75-Auto | Yellow Jacket (Factory New)
1435,CZ75-Auto | Yellow Jacket (Battle-Scarred)
1436,CZ75-Auto | Xiangliu (Well-Worn)
1437,CZ75-Auto | Xiangliu (Minimal Wear)
1438,CZ75-Auto | Xiangliu (Field-Tested)
1439,CZ75-Auto | Xiangliu (Factory New)
1440,CZ75-Auto | Xiangliu (Battle-Scarred)
1441,CZ75-Auto | Victoria (Well-Worn)
1442,CZ75-Auto | Victoria (Minimal Wear)
1443,CZ75-Auto | Victoria (Field-Tested)
1444,CZ75-Auto | Victoria (Factory New)
1445,CZ75-Auto | Victoria (Battle-Scarred)
1446,CZ75-Auto | Tread Plate (Minimal Wear)
1447,CZ75-Auto | Tread Plate (Field-Tested)
1448,CZ75-Auto | Tread Plate (Factory New)
1449,CZ75-Auto | Tigris (Well-Worn)
1450,CZ75-Auto | Tigris (Minimal Wear)
1451,CZ75-Auto | Tigris (Field-Tested)
1452,CZ75-Auto | Tigris (Factory New)
1453,CZ75-Auto | Tigris (Battle-Scarred)
1454,CZ75-Auto | The Fuschia Is Now (Well-Worn)
1455,CZ75-Auto | The Fuschia Is Now (Minimal Wear)
1456,CZ75-Auto | The Fuschia Is Now (Field-Tested)
1457,CZ75-Auto | The Fuschia Is Now (Factory New)
1458,CZ75-Auto | Tacticat (Well-Worn)
1459,CZ75-Auto | Tacticat (Minimal Wear)
1460,CZ75-Auto | Tacticat (Field-Tested)
1461,CZ75-Auto | Tacticat (Factory New)
1462,CZ75-Auto | Tacticat (Battle-Scarred)
1463,CZ75-Auto | Syndicate (Well-Worn)
1464,CZ75-Auto | Syndicate (Minimal Wear)
1465,CZ75-Auto | Syndicate (Field-Tested)
1466,CZ75-Auto | Syndicate (Factory New)
1467,CZ75-Auto | Syndicate (Battle-Scarred)
1468,CZ75-Auto | Red Astor (Well-Worn)
1469,CZ75-Auto | Red Astor (Minimal Wear)
1470,CZ75-Auto | Red Astor (Field-Tested)
1471,CZ75-Auto | Red Astor (Factory New)
1472,CZ75-Auto | Red Astor (Battle-Scarred)
1473,CZ75-Auto | Pole Position (Well-Worn)
1474,CZ75-Auto | Pole Position (Minimal Wear)
1475,CZ75-Auto | Pole Position (Field-Tested)
1476,CZ75-Auto | Pole Position (Factory New)
1477,CZ75-Auto | Pole Position (Battle-Scarred)
1478,CZ75-Auto | Eco (Well-Worn)
1479,CZ75-Auto | Eco (Minimal Wear)
1480,CZ75-Auto | Eco (Field-Tested)
1481,CZ75-Auto | Eco (Factory New)
1482,CZ75-Auto | Eco (Battle-Scarred)
1483,CZ75-Auto | Chalice (Minimal Wear)
1484,CZ75-Auto | Chalice (Factory New)
1485,AWP | Worm God (Well-Worn)
1486,AWP | Worm God (Minimal Wear)
1487,AWP | Worm God (Field-Tested)
1488,AWP | Worm God (Factory New)
1489,AWP | Wildfire (Well-Worn)
1490,AWP | Wildfire (Minimal Wear)
1491,AWP | Wildfire (Field-Tested)
1492,AWP | Wildfire (Factory New)
1493,AWP | Wildfire (Battle-Scarred)
1494,AWP | Silk Tiger (Well-Worn)
1495,AWP | Silk Tiger (Minimal Wear)
1496,AWP | Silk Tiger (Field-Tested)
1497,AWP | Silk Tiger (Factory New)
1498,AWP | Silk Tiger (Battle-Scarred)
1499,AWP | Redline (Well-Worn)
1500,AWP | Redline (Minimal Wear)
1501,AWP | Redline (Field-Tested)
1502,AWP | POP AWP (Well-Worn)
1503,AWP | POP AWP (Minimal Wear)
1504,AWP | POP AWP (Field-Tested)
1505,AWP | POP AWP (Factory New)
1506,AWP | Pit Viper (Well-Worn)
1507,AWP | Pit Viper (Minimal Wear)
1508,AWP | Pit Viper (Field-Tested)
1509,AWP | Pit Viper (Battle-Scarred)
1510,AWP | Pink DDPAT (Well-Worn)
1511,AWP | Pink DDPAT (Minimal Wear)
1512,AWP | Pink DDPAT (Field-Tested)
1513,AWP | Pink DDPAT (Factory New)
1514,AWP | Pink DDPAT (Battle-Scarred)
1515,AWP | Phobos (Well-Worn)
1516,AWP | Phobos (Minimal Wear)
1517,AWP | Phobos (Field-Tested)
1518,AWP | Phobos (Factory New)
1519,AWP | PAW (Well-Worn)
1520,AWP | PAW (Minimal Wear)
1521,AWP | PAW (Field-Tested)
1522,AWP | PAW (Factory New)
1523,AWP | PAW (Battle-Scarred)
1524,AWP | Oni Taiji (Well-Worn)
1525,AWP | Oni Taiji (Minimal Wear)
1526,AWP | Oni Taiji (Field-Tested)
1527,AWP | Oni Taiji (Factory New)
1528,AWP | Oni Taiji (Battle-Scarred)
1529,AWP | Neo-Noir (Well-Worn)
1530,AWP | Neo-Noir (Minimal Wear)
1531,AWP | Neo-Noir (Field-Tested)
1532,AWP | Neo-Noir (Factory New)
1533,AWP | Neo-Noir (Battle-Scarred)
1534,AWP | Mortis (Well-Worn)
1535,AWP | Mortis (Minimal Wear)
1536,AWP | Mortis (Field-Tested)
1537,AWP | Mortis (Factory New)
1538,AWP | Mortis (Battle-Scarred)
1539,AWP | Medusa (Well-Worn)
1540,AWP | Man-o'-war (Minimal Wear)
1541,AWP | Man-o'-war (Field-Tested)
1542,AWP | Lightning Strike (Minimal Wear)
1543,AWP | Lightning Strike (Factory New)
1544,AWP | Hyper Beast (Well-Worn)
1545,AWP | Hyper Beast (Minimal Wear)
1546,AWP | Hyper Beast (Field-Tested)
1547,AWP | Hyper Beast (Factory New)
1548,AWP | Hyper Beast (Battle-Scarred)
1549,AWP | Graphite (Minimal Wear)
1550,AWP | Graphite (Factory New)
1551,AWP | Fever Dream (Well-Worn)
1552,AWP | Fever Dream (Minimal Wear)
1553,AWP | Fever Dream (Field-Tested)
1554,AWP | Fever Dream (Factory New)
1555,AWP | Fever Dream (Battle-Scarred)
1556,AWP | Fade (Minimal Wear)
1557,AWP | Fade (Factory New)
1558,AWP | Exoskeleton (Well-Worn)
1559,AWP | Exoskeleton (Minimal Wear)
1560,AWP | Exoskeleton (Field-Tested)
1561,AWP | Exoskeleton (Factory New)
1562,AWP | Exoskeleton (Battle-Scarred)
1563,AWP | Elite Build (Well-Worn)
1564,AWP | Elite Build (Minimal Wear)
1565,AWP | Elite Build (Field-Tested)
1566,AWP | Elite Build (Factory New)
1567,AWP | Elite Build (Battle-Scarred)
1568,AWP | Electric Hive (Well-Worn)
1569,AWP | Electric Hive (Minimal Wear)
1570,AWP | Electric Hive (Field-Tested)
1571,AWP | Electric Hive (Factory New)
1572,AWP | Desert Hydra (Well-Worn)
1573,AWP | Desert Hydra (Field-Tested)
1574,AWP | Desert Hydra (Battle-Scarred)
1575,AWP | Corticera (Minimal Wear)
1576,AWP | Corticera (Field-Tested)
1577,AWP | Corticera (Factory New)
1578,AWP | Containment Breach (Well-Worn)
1579,AWP | Containment Breach (Minimal Wear)
1580,AWP | Containment Breach (Field-Tested)
1581,AWP | Containment Breach (Factory New)
1582,AWP | Containment Breach (Battle-Scarred)
1583,AWP | Chromatic Aberration (Well-Worn)
1584,AWP | Chromatic Aberration (Minimal Wear)
1585,AWP | Chromatic Aberration (Field-Tested)
1586,AWP | Chromatic Aberration (Factory New)
1587,AWP | Chromatic Aberration (Battle-Scarred)
1588,AWP | BOOM (Minimal Wear)
1589,AWP | BOOM (Field-Tested)
1590,AWP | BOOM (Factory New)
1591,AWP | Atheris (Well-Worn)
1592,AWP | Atheris (Minimal Wear)
1593,AWP | Atheris (Field-Tested)
1594,AWP | Atheris (Factory New)
1595,AWP | Atheris (Battle-Scarred)
1596,AWP | Asiimov (Well-Worn)
1597,AWP | Asiimov (Field-Tested)
1598,AWP | Asiimov (Battle-Scarred)
1599,AUG | Torque (Well-Worn)
1600,AUG | Torque (Minimal Wear)
1601,AUG | Torque (Field-Tested)
1602,AUG | Torque (Factory New)
1603,AUG | Torque (Battle-Scarred)
1604,AUG | Syd Mead (Well-Worn)
1605,AUG | Syd Mead (Minimal Wear)
1606,AUG | Syd Mead (Field-Tested)
1607,AUG | Syd Mead (Factory New)
1608,AUG | Syd Mead (Battle-Scarred)
1609,AUG | Stymphalian (Well-Worn)
1610,AUG | Stymphalian (Minimal Wear)
1611,AUG | Stymphalian (Field-Tested)
1612,AUG | Stymphalian (Factory New)
1613,AUG | Stymphalian (Battle-Scarred)
1614,AUG | Sand Storm (Well-Worn)
1615,AUG | Sand Storm (Minimal Wear)
1616,AUG | Sand Storm (Field-Tested)
1617,AUG | Sand Storm (Factory New)
1618,AUG | Sand Storm (Battle-Scarred)
1619,AUG | Random Access (Well-Worn)
1620,AUG | Random Access (Minimal Wear)
1621,AUG | Random Access (Field-Tested)
1622,AUG | Random Access (Factory New)
1623,AUG | Random Access (Battle-Scarred)
1624,AUG | Momentum (Well-Worn)
1625,AUG | Momentum (Minimal Wear)
1626,AUG | Momentum (Field-Tested)
1627,AUG | Momentum (Factory New)
1628,AUG | Momentum (Battle-Scarred)
1629,AUG | Midnight Lily (Well-Worn)
1630,AUG | Midnight Lily (Minimal Wear)
1631,AUG | Midnight Lily (Field-Tested)
1632,AUG | Midnight Lily (Factory New)
1633,AUG | Midnight Lily (Battle-Scarred)
1634,AUG | Fleet Flock (Well-Worn)
1635,AUG | Fleet Flock (Minimal Wear)
1636,AUG | Fleet Flock (Field-Tested)
1637,AUG | Fleet Flock (Factory New)
1638,AUG | Fleet Flock (Battle-Scarred)
1639,AUG | Flame Jörmungandr (Well-Worn)
1640,AUG | Flame Jörmungandr (Minimal Wear)
1641,AUG | Flame Jörmungandr (Field-Tested)
1642,AUG | Flame Jörmungandr (Factory New)
1643,AUG | Flame Jörmungandr (Battle-Scarred)
1644,AUG | Death by Puppy (Well-Worn)
1645,AUG | Death by Puppy (Minimal Wear)
1646,AUG | Death by Puppy (Field-Tested)
1647,AUG | Death by Puppy (Factory New)
1648,AUG | Chameleon (Well-Worn)
1649,AUG | Chameleon (Minimal Wear)
1650,AUG | Chameleon (Field-Tested)
1651,AUG | Chameleon (Factory New)
1652,AUG | Chameleon (Battle-Scarred)
1653,AUG | Bengal Tiger (Well-Worn)
1654,AUG | Bengal Tiger (Minimal Wear)
1655,AUG | Bengal Tiger (Field-Tested)
1656,AUG | Bengal Tiger (Factory New)
1657,AUG | Bengal Tiger (Battle-Scarred)
1658,AUG | Aristocrat (Well-Worn)
1659,AUG | Aristocrat (Minimal Wear)
1660,AUG | Aristocrat (Field-Tested)
1661,AUG | Aristocrat (Factory New)
1662,AUG | Aristocrat (Battle-Scarred)
1663,AUG | Arctic Wolf (Well-Worn)
1664,AUG | Arctic Wolf (Minimal Wear)
1665,AUG | Arctic Wolf (Field-Tested)
1666,AUG | Arctic Wolf (Factory New)
1667,AUG | Arctic Wolf (Battle-Scarred)
1668,AUG | Akihabara Accept (Well-Worn)
1669,AUG | Akihabara Accept (Minimal Wear)
1670,AUG | Akihabara Accept (Field-Tested)
1671,AUG | Akihabara Accept (Battle-Scarred)
1672,AK-47 | X-Ray (Well-Worn)
1673,AK-47 | X-Ray (Minimal Wear)
1674,AK-47 | X-Ray (Field-Tested)
1675,AK-47 | X-Ray (Battle-Scarred)
1676,AK-47 | Wasteland Rebel (Well-Worn)
1677,AK-47 | Wasteland Rebel (Minimal Wear)
1678,AK-47 | Wasteland Rebel (Field-Tested)
1679,AK-47 | Wasteland Rebel (Factory New)
1680,AK-47 | Wasteland Rebel (Battle-Scarred)
1681,AK-47 | Vulcan (Well-Worn)
1682,AK-47 | Vulcan (Minimal Wear)
1683,AK-47 | Vulcan (Field-Tested)
1684,AK-47 | Vulcan (Factory New)
1685,AK-47 | Vulcan (Battle-Scarred)
1686,AK-47 | The Empress (Well-Worn)
1687,AK-47 | The Empress (Minimal Wear)
1688,AK-47 | The Empress (Field-Tested)
1689,AK-47 | The Empress (Factory New)
1690,AK-47 | The Empress (Battle-Scarred)
1691,AK-47 | Slate (Well-Worn)
1692,AK-47 | Slate (Minimal Wear)
1693,AK-47 | Slate (Field-Tested)
1694,AK-47 | Slate (Factory New)
1695,AK-47 | Slate (Battle-Scarred)
1696,AK-47 | Safety Net (Well-Worn)
1697,AK-47 | Safety Net (Minimal Wear)
1698,AK-47 | Safety Net (Field-Tested)
1699,AK-47 | Safety Net (Factory New)
1700,AK-47 | Safety Net (Battle-Scarred)
1701,AK-47 | Redline (Well-Worn)
1702,AK-47 | Redline (Minimal Wear)
1703,AK-47 | Redline (Field-Tested)
1704,AK-47 | Redline (Battle-Scarred)
1705,AK-47 | Red Laminate (Well-Worn)
1706,AK-47 | Red Laminate (Minimal Wear)
1707,AK-47 | Red Laminate (Field-Tested)
1708,AK-47 | Red Laminate (Factory New)
1709,AK-47 | Red Laminate (Battle-Scarred)
1710,AK-47 | Rat Rod (Well-Worn)
1711,AK-47 | Rat Rod (Minimal Wear)
1712,AK-47 | Rat Rod (Field-Tested)
1713,AK-47 | Rat Rod (Factory New)
1714,AK-47 | Rat Rod (Battle-Scarred)
1715,AK-47 | Point Disarray (Well-Worn)
1716,AK-47 | Point Disarray (Minimal Wear)
1717,AK-47 | Point Disarray (Field-Tested)
1718,AK-47 | Point Disarray (Factory New)
1719,AK-47 | Point Disarray (Battle-Scarred)
1720,AK-47 | Phantom Disruptor (Well-Worn)
1721,AK-47 | Phantom Disruptor (Minimal Wear)
1722,AK-47 | Phantom Disruptor (Field-Tested)
1723,AK-47 | Phantom Disruptor (Factory New)
1724,AK-47 | Phantom Disruptor (Battle-Scarred)
1725,AK-47 | Panthera onca (Well-Worn)
1726,AK-47 | Panthera onca (Minimal Wear)
1727,AK-47 | Panthera onca (Field-Tested)
1728,AK-47 | Panthera onca (Factory New)
1729,AK-47 | Panthera onca (Battle-Scarred)
1730,AK-47 | Orbit Mk01 (Well-Worn)
1731,AK-47 | Orbit Mk01 (Minimal Wear)
1732,AK-47 | Orbit Mk01 (Field-Tested)
1733,AK-47 | Orbit Mk01 (Factory New)
1734,AK-47 | Orbit Mk01 (Battle-Scarred)
1735,AK-47 | Nightwish (Well-Worn)
1736,AK-47 | Nightwish (Minimal Wear)
1737,AK-47 | Nightwish (Field-Tested)
1738,AK-47 | Nightwish (Factory New)
1739,AK-47 | Nightwish (Battle-Scarred)
1740,AK-47 | Neon Rider (Well-Worn)
1741,AK-47 | Neon Rider (Minimal Wear)
1742,AK-47 | Neon Rider (Field-Tested)
1743,AK-47 | Neon Rider (Factory New)
1744,AK-47 | Neon Rider (Battle-Scarred)
1745,AK-47 | Neon Revolution (Well-Worn)
1746,AK-47 | Neon Revolution (Minimal Wear)
1747,AK-47 | Neon Revolution (Field-Tested)
1748,AK-47 | Neon Revolution (Factory New)
1749,AK-47 | Neon Revolution (Battle-Scarred)
1750,AK-47 | Legion of Anubis (Well-Worn)
1751,AK-47 | Legion of Anubis (Minimal Wear)
1752,AK-47 | Legion of Anubis (Field-Tested)
1753,AK-47 | Legion of Anubis (Factory New)
1754,AK-47 | Legion of Anubis (Battle-Scarred)
1755,AK-47 | Leet Museo (Well-Worn)
1756,AK-47 | Leet Museo (Minimal Wear)
1757,AK-47 | Leet Museo (Field-Tested)
1758,AK-47 | Leet Museo (Factory New)
1759,AK-47 | Leet Museo (Battle-Scarred)
1760,AK-47 | Jet Set (Well-Worn)
1761,AK-47 | Jet Set (Minimal Wear)
1762,AK-47 | Jet Set (Field-Tested)
1763,AK-47 | Jet Set (Factory New)
1764,AK-47 | Jet Set (Battle-Scarred)
1765,AK-47 | Jaguar (Well-Worn)
1766,AK-47 | Jaguar (Minimal Wear)
1767,AK-47 | Jaguar (Field-Tested)
1768,AK-47 | Jaguar (Factory New)
1769,AK-47 | Jaguar (Battle-Scarred)
1770,AK-47 | Ice Coaled (Well-Worn)
1771,AK-47 | Ice Coaled (Minimal Wear)
1772,AK-47 | Ice Coaled (Field-Tested)
1773,AK-47 | Ice Coaled (Factory New)
1774,AK-47 | Ice Coaled (Battle-Scarred)
1775,AK-47 | Hydroponic (Well-Worn)
1776,AK-47 | Hydroponic (Minimal Wear)
1777,AK-47 | Hydroponic (Field-Tested)
1778,AK-47 | Hydroponic (Factory New)
1779,AK-47 | Gold Arabesque (Well-Worn)
1780,AK-47 | Gold Arabesque (Field-Tested)
1781,AK-47 | Gold Arabesque (Battle-Scarred)
1782,AK-47 | Fuel Injector (Well-Worn)
1783,AK-47 | Fuel Injector (Minimal Wear)
1784,AK-47 | Fuel Injector (Field-Tested)
1785,AK-47 | Fuel Injector (Factory New)
1786,AK-47 | Fuel Injector (Battle-Scarred)
1787,AK-47 | Frontside Misty (Well-Worn)
1788,AK-47 | Frontside Misty (Minimal Wear)
1789,AK-47 | Frontside Misty (Field-Tested)
1790,AK-47 | Frontside Misty (Factory New)
1791,AK-47 | Frontside Misty (Battle-Scarred)
1792,AK-47 | First Class (Well-Worn)
1793,AK-47 | First Class (Minimal Wear)
1794,AK-47 | First Class (Field-Tested)
1795,AK-47 | First Class (Factory New)
1796,AK-47 | First Class (Battle-Scarred)
1797,AK-47 | Fire Serpent (Well-Worn)
1798,AK-47 | Fire Serpent (Minimal Wear)
1799,AK-47 | Fire Serpent (Field-Tested)
1800,AK-47 | Fire Serpent (Battle-Scarred)
1801,AK-47 | Emerald Pinstripe (Well-Worn)
1802,AK-47 | Emerald Pinstripe (Minimal Wear)
1803,AK-47 | Emerald Pinstripe (Field-Tested)
1804,AK-47 | Emerald Pinstripe (Factory New)
1805,AK-47 | Emerald Pinstripe (Battle-Scarred)
1806,AK-47 | Case Hardened (Well-Worn)
1807,AK-47 | Case Hardened (Minimal Wear)
1808,AK-47 | Case Hardened (Field-Tested)
1809,AK-47 | Case Hardened (Factory New)
1810,AK-47 | Case Hardened (Battle-Scarred)
1811,AK-47 | Cartel (Well-Worn)
1812,AK-47 | Cartel (Minimal Wear)
1813,AK-47 | Cartel (Field-Tested)
1814,AK-47 | Cartel (Factory New)
1815,AK-47 | Cartel (Battle-Scarred)
1816,AK-47 | Blue Laminate (Well-Worn)
1817,AK-47 | Blue Laminate (Minimal Wear)
1818,AK-47 | Blue Laminate (Field-Tested)
1819,AK-47 | Blue Laminate (Factory New)
1820,AK-47 | Bloodsport (Well-Worn)
1821,AK-47 | Bloodsport (Minimal Wear)
1822,AK-47 | Bloodsport (Field-Tested)
1823,AK-47 | Bloodsport (Factory New)
1824,AK-47 | Asiimov (Well-Worn)
1825,AK-47 | Asiimov (Minimal Wear)
1826,AK-47 | Asiimov (Field-Tested)
1827,AK-47 | Asiimov (Factory New)
1828,AK-47 | Asiimov (Battle-Scarred)
1829,AK-47 | Aquamarine Revenge (Well-Worn)
1830,AK-47 | Aquamarine Revenge (Minimal Wear)
1831,AK-47 | Aquamarine Revenge (Field-Tested)
1832,AK-47 | Aquamarine Revenge (Factory New)
1833,AK-47 | Aquamarine Revenge (Battle-Scarred)
